start_time,end_time,duration,x,y,avg_pupil_size,pupil_size_norm,weight_meme,weight_ort,weight_person,weight_politik,weight_text
0.0,183.478,183.478,235.5740061173072,121.63903071330144,3.842491785685221,1.7803267150142683,1.0,0.0,0.0,0.0,1.0
216.842,366.547,149.705,379.47540391575205,135.84801337935707,3.779253387451172,1.5495082763201389,,,,,
483.069,616.186,133.11700000000002,319.05189990997314,124.82317388057707,3.2315538194444446,-0.4495802947229863,,,,,
682.829,866.017,183.1880000000001,354.98854930584247,710.8635535606971,3.120538075764974,-0.8547847486961118,,,,,
898.694,1032.432,133.73800000000006,474.64975357055664,745.4085731506348,3.189821031358507,-0.6019038395524714,,,,,
1065.495,1232.094,166.59900000000016,384.68691805998486,741.9589400291443,3.154814980246804,-0.7296749768375338,,,,,
1281.913,2712.837,1430.924,356.26733966849065,366.00853516296905,3.171272190137841,-0.669606607011787,,,,,
2762.804,5425.203,2662.3990000000003,385.8455148008135,238.29549425913964,3.275548899395865,-0.2889994459319322,,,,,
5441.3,5874.444,433.1440000000002,387.99185620413886,253.1387020040441,3.42725259286386,0.2647149214184041,,,,,
