start_time,end_time,duration,x,y,avg_pupil_size,pupil_size_norm,weight_meme,weight_ort,weight_person,weight_politik,weight_text
0.0,199.76,199.76,420.4827155385698,321.0086473396846,3.5058675912710338,-0.2989110083828853,1.0,0.0,0.0,0.0,0.0
232.926,399.424,166.498,408.9692413806915,215.62283635139465,3.4615658846768467,-0.5922242738508939,,,,,
482.371,698.918,216.54700000000005,454.1354287465413,515.5156860351562,3.3952178955078125,-1.0315018289724154,,,,,
831.845,1131.354,299.509,404.86458003520966,246.2706595659256,3.507906060469778,-0.2854146872881573,,,,,
1214.251,1630.728,416.4770000000001,451.0876593766389,580.2566130956014,3.513021909273588,-0.2515436147348717,,,,,
1647.51,3494.486,1846.976,414.3040754098808,537.68067992894,3.6137610163007454,0.4154310621807163,,,,,
3527.609,7071.926,3544.3170000000005,411.8610966428418,304.14802654881345,3.859763065231181,2.044164351048513,,,,,
