start_time,end_time,duration,x,y,avg_pupil_size,pupil_size_norm,weight_meme,weight_ort,weight_person,weight_politik,weight_text
0.0,315.564,315.564,361.1545557067508,305.5627050853911,3.686442565917969,3.1338092997170475,0.0,0.0,1.0,0.0,0.0
349.442,1264.049,914.607,483.6620845292744,277.68501524339644,3.2538531167166576,1.0000928859779097,,,,,
1281.241,1397.767,116.52600000000008,478.43964099884033,288.0627711613973,2.9503393173217773,-0.4969671481049111,,,,,
1447.688,2645.773,1198.085,307.8791819311477,248.86939875982904,2.8896481239632386,-0.7963221038894809,,,,,
2795.375,3045.133,249.7579999999998,503.69158772861255,304.8835270545062,2.886742115020752,-0.8106557844508181,,,,,
3061.175,3377.855,316.67999999999984,477.99521968478246,269.7626954033261,3.001144790649414,-0.246372796931735,,,,,
3394.574,3644.174,249.5999999999999,426.959002719206,224.98142508899463,3.019948959350586,-0.1536225842797877,,,,,
3660.216,3843.854,183.63799999999992,425.2244619222788,290.9272377307598,3.0033416748046875,-0.2355368234935359,,,,,
3859.896,4059.576,199.67999999999984,420.7758545875549,307.0601003510611,3.02566410945012,-0.1254330165571505,,,,,
4093.454,4343.054,249.5999999999999,475.93185761395625,292.1305593322305,3.0399727821350098,-0.0548565153897299,,,,,
4392.974,4942.095,549.1210000000001,300.66313130514965,255.7927594866072,3.0477391411276424,-0.0165495070052993,,,,,
4992.015,5157.817,165.80199999999968,424.8027503490448,264.4685238599777,2.969336769797585,-0.4032635771054313,,,,,
5175.032,5873.931,698.8989999999994,424.6205714615908,304.3896872888912,2.9795225276503454,-0.3530230574697055,,,,,
5890.575,6173.456,282.8810000000003,429.00644408331976,313.35409283638,2.961625417073568,-0.4412992710174002,,,,,
