start_time,end_time,duration,x,y,avg_pupil_size,pupil_size_norm,weight_meme,weight_ort,weight_person,weight_politik,weight_text
5545.413,5662.313,116.90000000000056,800.0,523.5945701599121,3.8054607391357433,-0.7071067811865496,0.0,1.0,0.0,0.0,0.0
5679.256,5795.029,115.77300000000014,800.0,551.2765884399414,3.957200241088868,0.7071067811865455,,,,,
