start_time,end_time,duration,x,y,avg_pupil_size,pupil_size_norm,weight_meme,weight_ort,weight_person,weight_politik,weight_text
0.0,199.674,199.674,286.38496739523754,96.89828753471376,3.3123274583082933,-0.7071067811865491,0.0,0.0,1.0,0.0,0.0
4359.699,4542.874,183.17500000000013,273.8763919243446,304.0386685958275,3.524473826090494,0.7071067811865461,,,,,
