start_time,end_time,duration,x,y,avg_pupil_size,pupil_size_norm,weight_meme,weight_ort,weight_person,weight_politik,weight_text
2162.943,2429.602,266.65899999999965,346.19912306467694,352.465377913581,3.288479075712316,-0.7416993952897721,0.0,0.0,1.0,1.0,0.0
2462.462,2629.175,166.7130000000002,345.68108916282654,350.84239145119983,3.2625246914950283,-0.9504799501890302,,,,,
3378.088,3577.758,199.6699999999996,478.812905720302,150.69783117089952,3.45608872633714,0.6065751609839511,,,,,
3660.54,3777.43,116.88999999999989,417.93346405029297,441.0867386394077,3.515638828277588,1.0856041844948547,,,,,
