start_time,end_time,duration,x,y,avg_pupil_size,pupil_size_norm,weight_meme,weight_ort,weight_person,weight_politik,weight_text
0.0,149.761,149.761,556.1609008095481,226.66545672850177,3.4307044982910155,-0.8343833615978077,0.0,0.0,1.0,0.0,0.5
1847.056,1996.811,149.75499999999988,336.8600238453258,229.03467416763303,3.994263458251953,0.6355736391727308,,,,,
2063.413,2180.454,117.04100000000015,331.5765102704366,238.30865224202475,3.9586801528930655,0.5427600517062541,,,,,
3079.468,3211.861,132.39300000000003,562.0789301395416,419.0620720386505,3.116511450873481,-1.653907674860164,,,,,
3661.082,3843.869,182.78700000000023,335.19333600997925,228.2130718231201,3.972183227539064,0.5779807482402688,,,,,
3893.78,4027.54,133.75999999999976,348.6165976524353,238.4651756286621,4.031222873263889,0.7319765973387145,,,,,
