start_time,end_time,duration,x,y,avg_pupil_size,pupil_size_norm,weight_meme,weight_ort,weight_person,weight_politik,weight_text
1313.487,1480.218,166.731,299.4767079750697,89.67392941315968,3.0369436090642754,-0.922177089420174,1.0,0.0,0.0,1.0,1.0
2311.88,2478.769,166.88899999999967,520.4739987850189,109.43673526247342,3.080587907270952,-0.1407354011506626,,,,,
6090.172,6205.64,115.46800000000076,523.6870792176989,290.79297648535834,3.147812843322754,1.0629124905708365,,,,,
