start_time,end_time,duration,x,y,avg_pupil_size,pupil_size_norm,weight_meme,weight_ort,weight_person,weight_politik,weight_text
2245.887,2379.003,133.116,282.55393266677856,556.4754414558411,3.94823201497396,-0.707106781186562,0.0,0.0,1.0,1.0,0.0
5406.959,5556.72,149.76100000000042,275.00439123673874,559.1817725788463,3.9698333740234375,0.707106781186533,,,,,
