start_time,end_time,duration,x,y,avg_pupil_size,pupil_size_norm,weight_meme,weight_ort,weight_person,weight_politik,weight_text
831.684,948.485,116.80100000000004,431.8960905075073,279.6882152557373,3.282887458801269,-0.749133923913801,0.0,0.0,1.0,0.0,0.0
1065.658,1181.117,115.45900000000006,570.8767864439222,225.9439984957377,3.2785120010375977,-0.794363115833332,,,,,
1430.716,1580.47,149.75400000000013,606.1043002388694,204.1435881094499,3.211573028564453,-1.486312574932512,,,,,
2113.408,2279.374,165.9659999999999,299.01346266269684,261.6400827964147,3.395382274280895,0.413727169507046,,,,,
2462.62,2578.897,116.27700000000004,241.82072612974372,207.06660085254245,3.4690065383911133,1.1747826181558754,,,,,
3693.992,3810.521,116.529,283.7533328268263,331.9573269950019,3.431455612182617,0.7866179643129081,,,,,
5174.699,5341.507,166.808,531.4985672632853,253.74477008978525,3.4186921553178267,0.6546818627037787,,,,,
