start_time,end_time,duration,x,y,avg_pupil_size,pupil_size_norm,weight_meme,weight_ort,weight_person,weight_politik,weight_text
5608.211,5723.601,115.38999999999942,466.5767192840576,193.1951926814185,3.739117622375488,0.7071067811865475,0.0,0.0,1.0,0.0,0.0
5823.442,5940.562,117.11999999999988,472.9572693506877,187.7000696129269,3.6884765625,-0.7071067811865475,,,,,
