start_time,end_time,duration,x,y,avg_pupil_size,pupil_size_norm,weight_meme,weight_ort,weight_person,weight_politik,weight_text
499.253,714.58,215.32700000000008,329.46760654449463,147.1284008026123,3.2685443333217075,-0.707106781186535,0.0,0.0,1.0,0.0,0.0
4492.871,4625.448,132.57700000000025,451.09248757362366,107.69551932811736,3.29362063937717,0.70710678118656,,,,,
