start_time,end_time,duration,x,y,avg_pupil_size,pupil_size_norm,weight_meme,weight_ort,weight_person,weight_politik,weight_text
0.0,166.16,166.16,323.3805924654007,145.7836702466011,3.2486211603338067,-0.2308310414846167,0.0,1.0,0.0,0.0,1.0
2329.771,2462.482,132.7109999999998,273.5477828979492,369.71752762794495,3.7997970581054688,1.7699618982094327,,,,,
4226.549,4359.44,132.89099999999962,444.8038411140442,298.7448751926422,3.205733405219184,-0.3865154935435367,,,,,
5075.324,5195.668,120.34400000000004,399.10279909769696,323.1288512547811,3.156804402669271,-0.56412994156988,,,,,
5816.575,5932.268,115.6930000000002,408.40296612845526,297.6505279541016,3.150094985961914,-0.5884854216114008,,,,,
