start_time,end_time,duration,x,y,avg_pupil_size,pupil_size_norm,weight_meme,weight_ort,weight_person,weight_politik,weight_text
3677.896,3843.859,165.96299999999974,247.6198931535085,371.27857208251953,3.153951471502131,0.7071067811865475,1.0,0.0,0.0,0.5,1.0
4726.025,4859.316,133.29100000000017,251.77161931991577,66.97431564331055,3.1389236450195312,-0.7071067811865475,,,,,
