start_time,end_time,duration,x,y,avg_pupil_size,pupil_size_norm,weight_meme,weight_ort,weight_person,weight_politik,weight_text
449.24,564.768,115.52800000000002,529.3598572413126,185.24532583024768,3.3477725982666016,-1.1465380821086215,0.0,0.0,1.0,0.0,0.0
748.732,864.288,115.55600000000004,522.510920630561,181.3437600930532,3.5057621002197266,-0.5291418948081028,,,,,
3709.75,3826.778,117.0279999999998,524.4985103607178,177.75947517818875,3.848542213439941,0.8103846709974598,,,,,
3959.351,4076.416,117.06500000000004,515.630136595832,191.8174664179484,3.862593650817871,0.8652953059192645,,,,,
