start_time,end_time,duration,x,y,avg_pupil_size,pupil_size_norm,weight_meme,weight_ort,weight_person,weight_politik,weight_text
283.271,416.346,133.075,367.8408312797546,234.6342945098877,3.343042161729601,2.159659178804016,0.0,1.0,0.0,0.0,1.0
582.764,715.853,133.08899999999994,469.1722917556762,269.2109501361847,3.112555609809028,-0.1369127528331385,,,,,
1547.513,1664.434,116.92100000000003,327.08172533247205,411.7157220840454,3.0664825439453125,-0.5959855663460975,,,,,
3194.87,3361.638,166.76800000000003,377.859565615654,288.48775029182434,3.121884432705966,-0.0439602024921317,,,,,
4227.636,4359.993,132.35699999999997,417.044882774353,315.82953214645386,3.091681586371528,-0.3449018781310801,,,,,
4642.546,4759.43,116.884,417.983341217041,322.6880073547363,3.1132402420043945,-0.1300910659699654,,,,,
5091.817,5208.739,116.92199999999956,554.1184650527107,513.7387090259128,3.0351877212524414,-0.907807713031585,,,,,
