start_time,end_time,duration,x,y,avg_pupil_size,pupil_size_norm,weight_meme,weight_ort,weight_person,weight_politik,weight_text
765.824,881.435,115.611,466.1009444130792,87.79951731363933,3.3447065353393555,-1.426881120706195,0.0,0.0,1.0,1.0,0.5
981.275,1115.232,133.957,459.8443627357483,100.77287703752518,3.470913357204861,0.0577991674514626,,,,,
2096.566,2263.588,167.0220000000004,503.0385772387187,96.8839277823766,3.5334001020951704,0.7928849341197911,,,,,
3511.666,3627.057,115.39099999999962,384.1215636995104,249.56905312008328,3.5149803161621094,0.5761970191349519,,,,,
