start_time,end_time,duration,x,y,avg_pupil_size,pupil_size_norm,weight_meme,weight_ort,weight_person,weight_politik,weight_text
5690.89,5823.347,132.45699999999945,373.6697256565094,279.9297147989273,3.631824917263455,0.7071067811865476,0.0,1.0,0.0,0.0,0.0
6072.887,6222.592,149.70499999999993,290.5033252455971,286.8191166357561,3.5834564208984374,-0.7071067811865476,,,,,
