start_time,end_time,duration,x,y,avg_pupil_size,pupil_size_norm,weight_meme,weight_ort,weight_person,weight_politik,weight_text
516.012,698.94,182.9280000000001,424.0431803923387,195.65612857158368,2.9990062713623047,0.4430376514448934,1.0,0.0,0.0,0.0,1.0
915.623,1031.473,115.84999999999992,406.5952976544698,219.99238464567395,2.9763898849487305,-0.7557350639623623,,,,,
1264.838,1480.749,215.9110000000001,466.564621925354,223.6113476753235,2.9675004141671315,-1.2269179856069494,,,,,
1514.512,1630.514,116.00199999999997,398.7178961435954,267.2209872139825,3.004244804382324,0.7207040451084842,,,,,
1830.195,1947.029,116.83400000000006,394.4343990749783,276.3884981473287,3.01755428314209,1.4261677607409389,,,,,
3760.809,3876.917,116.10799999999972,283.0108695560032,392.0189314418369,2.971649169921875,-1.0070148096207838,,,,,
4093.27,4259.964,166.69399999999996,284.6825361251831,389.74569439888,2.998189752752131,0.3997584018954969,,,,,
