start_time,end_time,duration,x,y,avg_pupil_size,pupil_size_norm,weight_meme,weight_ort,weight_person,weight_politik,weight_text
549.048,665.629,116.58100000000002,279.27339341905383,65.17663399378459,3.085597038269043,-0.4122212688933332,1.0,0.0,0.0,0.0,1.0
1564.704,1763.981,199.27700000000004,255.93390039035253,124.6376144034522,3.214104285606972,0.97437622232048,,,,,
1779.967,1929.732,149.76499999999987,232.66725106672808,134.2867536978288,3.2093574523925783,0.9231577333820352,,,,,
2013.172,2212.933,199.761,260.3815257549286,220.3835483108248,3.21150383582482,0.9463172823100608,,,,,
2862.563,3077.901,215.3379999999997,252.8286488850912,284.1502038637797,3.125633784702846,0.019776562446797,,,,,
3577.09,3710.924,133.83399999999983,252.2599947452545,314.7503638267517,3.033636305067274,-0.9728793157483934,,,,,
6589.465,6771.991,182.52599999999984,240.13140476666965,454.7467836966881,2.9867738087972007,-1.4785272158176228,,,,,
