start_time,end_time,duration,x,y,avg_pupil_size,pupil_size_norm,weight_meme,weight_ort,weight_person,weight_politik,weight_text
1531.581,1764.215,232.634,339.9677500128746,191.2394657731056,3.4851587931315104,1.722457305563006,1.0,0.0,0.0,0.0,0.0
2612.765,2762.662,149.8969999999999,538.4764497930354,246.0495807907798,3.433332061767578,1.161214472190833,,,,,
2812.628,2962.429,149.80099999999993,542.2547513788396,251.2144695628773,3.3260459899902344,-0.0006095001307392,,,,,
2979.571,3095.025,115.45400000000018,540.9777773751152,252.74402830335828,3.284855842590332,-0.4466664754665774,,,,,
4492.78,4692.46,199.6800000000003,524.3997420583453,240.3630307742528,3.196568415715144,-1.4027500313176948,,,,,
5126.196,5491.186,364.9899999999998,547.5530157486597,245.90200036764145,3.264918451723845,-0.6625727741173699,,,,,
5575.435,5775.097,199.66199999999927,544.1733138901847,241.29897611481803,3.315384498009315,-0.1160650924452125,,,,,
6539.518,6656.393,116.875,304.4148988193936,212.0448993311988,3.302554130554199,-0.2550079042762256,,,,,
