start_time,end_time,duration,x,y,avg_pupil_size,pupil_size_norm,weight_meme,weight_ort,weight_person,weight_politik,weight_text
0.0,199.681,199.681,414.9370704378401,311.8452412741525,4.692597022423377,1.916241778892428,1.0,0.0,0.0,0.0,1.0
266.848,416.553,149.70499999999998,437.03630404038864,301.7853064970537,4.35904541015625,1.0664336575181863,,,,,
848.637,1032.758,184.1210000000001,430.41894069084753,9.307961579627143,3.584567387898763,-0.9067473703498,,,,,
1048.317,1165.271,116.95399999999997,478.7310732735528,8.75704139471054,3.6787939071655273,-0.6666811905539293,,,,,
1847.038,1963.762,116.72399999999992,390.9014754825168,212.7218855751885,3.997159957885742,0.1444378252798503,,,,,
2313.428,2513.099,199.67100000000028,268.74598349843706,152.1890904222216,3.836487990159255,-0.2649151444842403,,,,,
2879.815,2995.2,115.38499999999976,439.5317633946737,291.6599035263061,3.701632499694824,-0.6084940294119522,,,,,
3029.579,3144.96,115.38099999999986,437.7854426701864,289.26850822236804,3.6734580993652335,-0.6802755268905486,,,,,
