start_time,end_time,duration,x,y,avg_pupil_size,pupil_size_norm,weight_meme,weight_ort,weight_person,weight_politik,weight_text
1032.656,1247.99,215.3340000000001,397.4041509628296,157.3813909292221,3.582354954310826,-1.3002344784640028,0.0,0.0,1.0,0.0,0.5
1382.141,1614.404,232.26299999999992,408.26404839754105,173.02067279815674,3.7178441365559896,-0.6169164324802366,,,,,
4892.138,5008.991,116.85300000000008,411.3700999153985,190.3853608502282,3.8408203125,0.0032942652016193,,,,,
5391.321,5541.081,149.76000000000022,565.2024984359741,245.3913688659668,3.986157989501953,0.7362816211743832,,,,,
5640.922,5907.705,266.7830000000004,564.4280340936449,410.8525349034204,4.07365821389591,1.1775750245682457,,,,,
