start_time,end_time,duration,x,y,avg_pupil_size,pupil_size_norm,weight_meme,weight_ort,weight_person,weight_politik,weight_text
1265.211,1397.703,132.49199999999996,536.5291881561279,225.85081696510315,3.0096876356336804,-0.7071067811865462,0.0,0.0,1.0,0.0,0.5
3211.996,3344.547,132.55099999999993,274.623486995697,240.6623125076294,3.2363306681315103,0.707106781186549,,,,,
