start_time,end_time,duration,x,y,avg_pupil_size,pupil_size_norm,weight_meme,weight_ort,weight_person,weight_politik,weight_text
1064.887,1214.688,149.80100000000016,244.0764307975769,121.41269878907636,3.704528045654297,-0.6207887437983203,0.0,0.0,1.0,1.0,1.0
1230.786,1364.491,133.70499999999993,256.7476320266724,110.04464209079742,3.782528912579572,0.3860271791252941,,,,,
4193.301,4359.577,166.27599999999984,339.4643872976303,329.60545023282367,3.834557273171165,1.0575964058802978,,,,,
4392.976,4659.18,266.20400000000063,244.1695120599535,535.886091656155,3.810610154095818,0.7484929081421948,,,,,
7370.991,7587.874,216.8829999999998,575.8554156621298,519.373353322347,3.669079371861049,-1.0783514687839095,,,,,
7620.569,7870.245,249.67599999999948,497.4248549517464,614.2390307258157,3.631850242614746,-1.5588958729591569,,,,,
7937.315,8303.327,366.0119999999997,247.76407678922016,547.6804902156194,3.750577180281929,-0.0263978888303989,,,,,
8336.662,8469.23,132.5679999999993,221.39045357704163,320.92315673828125,3.8372472127278647,1.0923174812240162,,,,,
