start_time,end_time,duration,x,y,avg_pupil_size,pupil_size_norm,weight_meme,weight_ort,weight_person,weight_politik,weight_text
2463.286,2595.897,132.61099999999988,276.0221576690674,171.33031964302063,3.534749348958333,-1.108148995760316,0.0,0.0,1.0,0.0,0.0
2762.813,3028.985,266.172,549.3723445468479,196.2924513551924,3.641682344324448,0.2078911699380911,,,,,
3062.357,3411.798,349.4409999999998,475.9886762370234,148.4999638536702,3.614187067205256,-0.1304972660350779,,,,,
4842.289,5141.781,299.4920000000002,428.69484186172485,486.2607955932617,3.752625314812912,1.5732826916552205,,,,,
5158.979,5308.742,149.76299999999992,430.2091706882824,478.5156293348833,3.7247055053710936,1.2296694736931129,,,,,
5458.503,5574.936,116.433,431.7525585492452,506.5483464135064,3.6284236907958975,0.0447149629412761,,,,,
14294.327,14526.742,232.41500000000087,488.777431845665,573.3845174312592,3.566377766927084,-0.7188933849747047,,,,,
14576.656,14860.011,283.3549999999996,499.74378912072433,463.2386803627014,3.535572475857205,-1.0980186514575805,,,,,
