start_time,end_time,duration,x,y,avg_pupil_size,pupil_size_norm,weight_meme,weight_ort,weight_person,weight_politik,weight_text
1381.15,1630.747,249.597,333.4588878295001,792.8940758985632,3.7407593727111816,0.1596947960043528,0.0,0.0,1.0,0.0,0.0
1730.587,1996.808,266.221,344.0333836608463,786.0837327109443,3.753570556640625,0.2384956434204288,,,,,
5840.691,5956.665,115.97400000000016,380.3749216927423,681.5441568692526,3.8761043548583984,0.9921939112658856,,,,,
10183.681,10316.838,133.15699999999924,414.9965119361877,224.35842156410217,3.4887525770399304,-1.3903843506906672,,,,,
