start_time,end_time,duration,x,y,avg_pupil_size,pupil_size_norm,weight_meme,weight_ort,weight_person,weight_politik,weight_text
8885.709,9135.301,249.5919999999988,424.0034636329202,246.5374315486235,3.144961357116699,-1.0190548944907536,1.0,0.0,0.0,0.0,1.0
9152.111,9301.913,149.80199999999968,392.2507719560103,218.87656233527443,3.192884826660156,0.9797883764228186,,,,,
13111.85,13278.697,166.84699999999975,205.0657192866008,431.3904106616974,3.1703352494673296,0.039266518067898,,,,,
