start_time,end_time,duration,x,y,avg_pupil_size,pupil_size_norm,weight_meme,weight_ort,weight_person,weight_politik,weight_text
0.0,199.671,199.671,318.90591382980347,185.5387223618371,4.317081157977764,2.1093728261327738,0.0,1.0,0.0,0.0,0.0
232.991,698.846,465.855,391.7512714862824,321.62217656771344,4.031101358347926,0.6502572621086606,,,,,
765.493,1114.891,349.398,368.8224973885909,646.5411009995834,3.817807977849787,-0.438000340669519,,,,,
1148.143,1314.553,166.41000000000008,393.6544458071391,545.2560325463613,3.769080422141336,-0.6866162744630315,,,,,
1364.469,1497.518,133.04899999999998,450.4122066497803,382.2987115383148,3.726577758789064,-0.903471792545254,,,,,
1530.899,1863.726,332.8270000000002,431.7859584634954,260.37012880498713,3.731716700962612,-0.8772520717196892,,,,,
1880.339,2296.208,415.86900000000014,467.2309151402226,209.1713304872866,3.8415603637695312,-0.3168117951041843,,,,,
2329.618,2828.821,499.203,403.90666007995605,304.51227083802223,3.8354329755229335,-0.3480747289512657,,,,,
2962.151,6556.158,3594.0070000000005,432.3743967416649,317.3834488688526,4.062527177520611,0.8105969152115142,,,,,
