start_time,end_time,duration,x,y,avg_pupil_size,pupil_size_norm,weight_meme,weight_ort,weight_person,weight_politik,weight_text
0.0,199.681,199.681,297.6247259548732,212.1615741934095,3.361036447378305,0.6805006653223874,0.0,1.0,0.0,0.0,0.5
249.601,399.362,149.76100000000002,361.7659698833119,320.97182707353073,3.386210632324219,1.1375004562391704,,,,,
1663.285,2046.729,383.444,376.5434641838074,441.7242040634155,3.3133653004964194,-0.184897924724978,,,,,
2162.492,2761.54,599.0479999999998,451.5376661953173,407.8883481653113,3.301998860127217,-0.3912387013321945,,,,,
3011.14,3128.334,117.19399999999996,362.8246386845906,515.8353911505806,3.350539207458496,0.4899389268246767,,,,,
3160.911,3328.015,167.1039999999998,377.202030022939,466.26825133959454,3.335131558504972,0.2102360341428282,,,,,
3644.176,3859.788,215.61200000000008,432.6550912857056,440.6587076187134,3.216571807861328,-1.9420394564718664,,,,,
