start_time,end_time,duration,x,y,avg_pupil_size,pupil_size_norm,weight_meme,weight_ort,weight_person,weight_politik,weight_text
33.303,1597.599,1564.2959999999998,401.22119647761184,359.8016172647476,3.764655103181538,-1.4387573698025151,0.0,0.0,1.0,0.0,0.0
1647.514,1847.274,199.76,397.63730423791066,508.1942694527762,3.8980495746319113,-0.942594033872634,,,,,
1880.614,2047.034,166.42000000000007,395.15338639418286,591.6583160559336,3.9266315806995737,-0.8362827053452341,,,,,
2096.951,2279.864,182.913,536.9914916845469,443.3506617179284,4.085884730021159,-0.2439375131823535,,,,,
2296.614,2895.509,598.895,531.5653437062314,385.4342586115787,4.266310202108847,0.4271585460801548,,,,,
2945.424,3161.263,215.839,367.51304388046265,251.95189714431763,4.456707000732422,1.13534314869757,,,,,
3195.003,3959.985,764.982,393.347946057717,327.42686743537587,4.423668070042387,1.0124542021881016,,,,,
3977.177,5557.423,1580.2459999999996,391.3632817566395,334.96306116382283,4.389836152394612,0.8866157252369041,,,,,
