start_time,end_time,duration,x,y,avg_pupil_size,pupil_size_norm,weight_meme,weight_ort,weight_person,weight_politik,weight_text
99.84,249.6,149.76,375.4440952431072,308.35285728627986,4.480812835693359,-1.679944625586184,0.0,1.0,0.0,0.0,1.0
1197.876,1313.662,115.78600000000006,549.3817647298177,271.61181502872046,4.474061012268066,-1.705008322643859,,,,,
3158.73,3308.49,149.75999999999976,301.22591907327825,332.3192650621588,5.079074096679688,0.5408834473952581,,,,,
3324.463,3673.955,349.49199999999973,273.1268509574558,352.8879388518955,5.075619090687145,0.5280579900224897,,,,,
3707.852,3890.525,182.67300000000023,381.1302432647118,323.5358380354368,5.102226893107097,0.626829811679723,,,,,
4721.966,4871.677,149.71099999999933,410.1955554702065,318.5636959292672,5.182041168212891,0.9231113768397003,,,,,
4921.845,5055.697,133.85199999999986,285.5954122543335,428.0387210845947,5.112098693847656,0.6634752935873586,,,,,
5071.675,5470.949,399.2739999999994,285.6879573601943,425.8548791591938,4.929296875,-0.0151101966709177,,,,,
5487.952,5687.596,199.64399999999927,281.70842272894726,436.5116545132228,4.96507556621845,0.1177052253764115,,,,,
