start_time,end_time,duration,x,y,avg_pupil_size,pupil_size_norm,weight_meme,weight_ort,weight_person,weight_politik,weight_text
1762.984,1879.942,116.95800000000008,424.959937731425,454.4538100560506,4.234880447387695,-1.1862035502929902,0.0,0.0,1.0,0.0,0.0
3010.973,3227.671,216.6979999999999,415.7567405700684,357.1812025705973,4.21192387172154,-1.3247210718704925,,,,,
3244.798,3560.093,315.2950000000001,416.1667205038525,371.6454312914894,4.378207015991211,-0.3213863690251306,,,,,
3594.188,3709.848,115.65999999999984,420.7719352510241,364.6909568044874,4.580190658569336,0.8973613212223326,,,,,
3976.387,4093.438,117.05099999999992,452.11827754974365,286.58371501498755,4.609667778015137,1.0752231063707156,,,,,
4358.822,4558.507,199.6849999999995,337.8255767481668,309.555732352393,4.577181889460637,0.8792067303113567,,,,,
4808.107,4974.837,166.73000000000047,379.6146750450134,351.72965824604034,4.428242076526988,-0.0194801667157806,,,,,
