start_time,end_time,duration,x,y,avg_pupil_size,pupil_size_norm,weight_meme,weight_ort,weight_person,weight_politik,weight_text
433.443,616.147,182.7040000000001,464.1100039848915,279.70240666316107,3.8148282368977866,-1.1435750332555257,0.0,0.0,1.0,0.0,0.0
5225.754,5675.035,449.281,421.4380638352756,349.23751847497346,4.445795604160854,0.4333060829048133,,,,,
5690.935,5840.695,149.7599999999993,420.9566807746887,366.5766990184784,4.556618499755859,0.7102689503507177,,,,,
