start_time,end_time,duration,x,y,avg_pupil_size,pupil_size_norm,weight_meme,weight_ort,weight_person,weight_politik,weight_text
499.178,616.155,116.97699999999998,456.37937386830646,283.6025873819987,4.332672119140625,-1.4966736260892155,0.0,0.0,1.0,1.0,0.0
2745.793,2877.936,132.14300000000003,605.9448909759521,588.4691333770752,4.84657711452908,0.4074344738879829,,,,,
3177.692,3294.834,117.14199999999984,508.3929962582058,675.5604399575127,4.878396034240723,0.5253291495559382,,,,,
3477.186,3726.526,249.3399999999997,513.0020562340231,675.841711549198,4.888808727264404,0.5639100026452946,,,,,
