start_time,end_time,duration,x,y,avg_pupil_size,pupil_size_norm,weight_meme,weight_ort,weight_person,weight_politik,weight_text
2280.528,2430.288,149.76000000000022,628.0084566636519,753.8165981119329,4.905052947998047,-0.9207589716541444,0.0,0.0,1.0,0.0,0.0
2446.077,2595.717,149.63999999999987,631.6005620089444,753.2778263092041,4.935444641113281,-0.1430707499743583,,,,,
3194.852,3311.897,117.04500000000009,612.1744261847603,776.5963051054213,4.982609748840332,1.0638297216285026,,,,,
