start_time,end_time,duration,x,y,avg_pupil_size,pupil_size_norm,weight_meme,weight_ort,weight_person,weight_politik,weight_text
2112.449,2229.439,116.98999999999978,392.8736726442973,188.7921008798811,4.383912086486816,-0.3577832218686712,1.0,0.0,0.0,1.0,1.0
2529.043,2645.762,116.71900000000004,412.3934798770481,198.1123493777381,4.294693946838379,-0.7718940508275332,,,,,
6289.937,6405.577,115.64000000000031,393.18584468629626,213.770776324802,4.704378128051758,1.1296772726962043,,,,,
