start_time,end_time,duration,x,y,avg_pupil_size,pupil_size_norm,weight_meme,weight_ort,weight_person,weight_politik,weight_text
232.601,382.405,149.80399999999997,459.4978549263694,302.69411368803543,4.841314697265625,1.688197475666516,0.0,0.0,1.0,0.0,0.0
399.44,566.187,166.747,480.0645728905996,303.727725148201,4.369850852272728,0.1287014464646733,,,,,
582.087,865.682,283.595,472.5063060459338,301.5464569392957,4.1132397121853295,-0.7201103092305771,,,,,
1730.257,1929.935,199.67799999999988,420.6810525485448,291.9491742338453,4.14041255070613,-0.6302286900451872,,,,,
1946.915,2179.537,232.62199999999984,420.7219928503037,293.4445194900036,4.189892578125,-0.4665599228554398,,,,,
