start_time,end_time,duration,x,y,avg_pupil_size,pupil_size_norm,weight_meme,weight_ort,weight_person,weight_politik,weight_text
2679.968,2812.693,132.72500000000036,498.6486864089966,401.9985508918762,3.897008260091146,0.9706734223289352,0.0,0.0,1.0,1.0,0.0
2845.572,3079.328,233.75599999999983,498.6440360546112,399.1074778139591,3.819865926106771,0.0805467724157801,,,,,
3195.021,3361.738,166.71699999999964,502.2734701633453,397.46318856875104,3.8423565951260654,0.3400611380623408,,,,,
3878.047,4010.756,132.70899999999983,458.8830637931824,319.17383313179016,3.692310757107205,-1.391281332807056,,,,,
