start_time,end_time,duration,x,y,avg_pupil_size,pupil_size_norm,weight_meme,weight_ort,weight_person,weight_politik,weight_text
49.92,199.68,149.76,414.1689755699852,543.1037913669239,3.913923645019531,-1.534577062810565,0.0,0.0,1.0,0.0,0.0
614.902,732.049,117.14699999999992,422.1554650200738,286.3505548901028,4.007925987243652,-1.1072804926268056,,,,,
2446.082,2579.202,133.12000000000037,433.4781813621521,336.4485239982605,4.061537000868055,-0.8635865409254191,,,,,
3809.79,3927.043,117.25300000000016,463.06554476420087,585.626212755839,4.145270347595215,-0.4829686646046543,,,,,
4209.154,4326.404,117.25,441.2514872021145,599.7121387057834,4.429392814636231,0.8085369809602233,,,,,
4392.964,4725.769,332.8050000000003,502.2439349781383,543.2753584601662,4.517767769949777,1.2102537297364204,,,,,
4758.152,4875.53,117.3779999999997,479.9652311537001,606.6239515940348,4.415803909301758,0.7467673217731355,,,,,
4942.091,5075.212,133.1210000000001,453.9322113990784,692.1360874176025,4.405810038248698,0.7013392321873492,,,,,
6255.887,6372.966,117.07900000000063,392.935049533844,226.10021432240805,4.366250038146973,0.5215154963102772,,,,,
