start_time,end_time,duration,x,y,avg_pupil_size,pupil_size_norm,weight_meme,weight_ort,weight_person,weight_politik,weight_text
766.115,1081.395,315.28,438.4761373202006,179.23753488631476,4.170650100708008,-0.7008752561678455,0.0,0.0,1.0,0.0,0.0
1430.845,1547.699,116.85400000000004,433.1047813097636,450.8262236913045,4.242201805114746,-0.3597942076984214,,,,,
1747.468,1880.128,132.65999999999983,453.7417006492615,498.7969207763672,4.2458750406901045,-0.3422841979550277,,,,,
2163.884,2313.645,149.76099999999997,425.1698613166809,454.1943550109863,4.146938323974609,-0.8139073318725107,,,,,
2962.609,3078.206,115.5970000000002,320.44422494040595,248.83605771594577,4.069855690002441,-1.1813538634681413,,,,,
3162.289,3277.882,115.59299999999983,322.8223111894396,260.57504018147785,4.233613967895508,-0.400731716414799,,,,,
4110.771,4243.362,132.59100000000035,435.0827741622925,204.7052699327469,4.501404656304254,0.8758043148387311,,,,,
4909.492,5075.01,165.51800000000003,408.99380445480347,228.8109948237737,4.614762739701704,1.416172909245624,,,,,
5258.933,5558.454,299.52099999999973,443.7722235918045,182.53830075263977,4.633809942948191,1.5069693494924072,,,,,
