start_time,end_time,duration,x,y,avg_pupil_size,pupil_size_norm,weight_meme,weight_ort,weight_person,weight_politik,weight_text
0.0,283.478,283.478,406.88133553454753,411.8080001128348,3.448879665798611,1.679987157755395,0.0,1.0,0.0,0.0,0.0
565.922,782.679,216.75699999999995,378.00744374593097,297.6562031110128,3.217468806675502,-0.692317791657594,,,,,
798.721,1182.04,383.319,400.0253429412842,282.2133026123047,3.1529744466145835,-1.353480755926033,,,,,
1231.96,7038.759,5806.799,538.5917444174786,390.82645697471423,3.3550352478027343,0.7179425150363442,,,,,
7088.68,7671.684,583.0039999999999,355.6388703552452,320.3077770568229,3.335052490234375,0.5130895757146011,,,,,
7721.604,8769.935,1048.3309999999992,357.4125752999232,328.64948832071747,3.1535695791244507,-1.3473797639325522,,,,,
8935.738,9202.176,266.4380000000001,398.6372881465488,265.2652641137441,3.308477065142464,0.2406520042143081,,,,,
9219.217,10533.183,1313.9660000000003,399.6704035335117,274.43126734392143,3.2670961380004884,-0.1835639493593341,,,,,
10550.2,15009.946,4459.745999999999,405.3109137099029,274.1339873647158,3.326466556818512,0.4250710081548692,,,,,
