start_time,end_time,duration,x,y,avg_pupil_size,pupil_size_norm,weight_meme,weight_ort,weight_person,weight_politik,weight_text
665.066,781.339,116.27300000000002,429.5355505413479,99.33562146292792,5.353713035583496,1.3386722784319025,0.0,0.0,1.0,0.0,0.0
1929.643,2179.243,249.5999999999999,235.46420300708093,641.3626867182114,5.168984413146973,-0.827729195688252,,,,,
3477.166,3594.245,117.07899999999972,503.0955327881707,534.2973815070259,5.2352294921875,-0.0508412668242841,,,,,
3660.805,3776.687,115.88200000000006,511.7405255635579,523.6922290590074,5.139925003051758,-1.168522885572276,,,,,
3943.686,4159.694,216.0080000000003,411.85571273167926,557.4022674560547,5.218356541224888,-0.2487184845289755,,,,,
4176.049,4375.73,199.6809999999996,401.5465612922396,569.6934580802917,5.292548546424279,0.6213668726393281,,,,,
4525.491,4758.498,233.0069999999996,240.9535106271505,632.9234145581722,5.23890380859375,-0.007750789702263,,,,,
4874.932,4992.011,117.07900000000063,112.21351871887845,759.5478322770861,5.139052867889404,-1.1787508344219673,,,,,
5723.328,5873.079,149.7509999999993,432.97018788077617,92.14099889451808,5.3693687438964846,1.5222743056667876,,,,,
