start_time,end_time,duration,x,y,avg_pupil_size,pupil_size_norm,weight_meme,weight_ort,weight_person,weight_politik,weight_text
415.863,682.701,266.838,342.31099751260547,438.1907926665412,4.781422334558823,-0.3323559367466578,0.0,0.0,1.0,0.0,1.0
715.383,865.143,149.76,402.0006775856018,434.090734611858,4.78831787109375,-0.2576382877889092,,,,,
1514.103,1631.181,117.07799999999996,339.1189124849108,507.17367861006,4.7411088943481445,-0.7691784318032614,,,,,
1697.685,1930.701,233.01600000000008,450.2664566040039,507.8012421727181,4.725523885091146,-0.938052201780326,,,,,
2013.303,2180.301,166.99799999999982,257.7880824605624,608.146870136261,4.775604248046875,-0.395398709909223,,,,,
3095.502,3211.384,115.88200000000006,550.3059016333686,580.4794920815361,4.701712608337402,-1.196062961162215,,,,,
4543.124,4826.059,282.9350000000004,303.4682634629701,351.1062132684808,4.871174070570204,0.6401628325586576,,,,,
4842.643,5008.501,165.85800000000015,348.01914393901825,437.9160324732463,4.939916437322443,1.3850313430078118,,,,,
5407.86,5541.578,133.71800000000076,466.579008102417,499.51040983200073,4.976543850368923,1.7819133225862722,,,,,
6006.899,6206.579,199.67999999999932,465.7937135015215,413.9822150979723,4.7628655066856975,-0.5334313053957345,,,,,
7122.375,7254.896,132.52099999999973,301.16120179494226,349.22107617060345,4.934329562717014,1.3244939020958493,,,,,
7304.816,7488.049,183.23300000000012,274.0466365447411,620.710291312291,4.928643544514974,1.2628821754614477,,,,,
8220.613,8436.73,216.1170000000002,296.147358417511,373.43948523203534,4.710391453334263,-1.102021998497512,,,,,
8452.975,8570.053,117.07799999999952,296.53977817959253,355.46358161502417,4.759823799133301,-0.5663901964089232,,,,,
8602.735,8802.415,199.6800000000003,296.40171229839325,358.7790765932628,4.7840435321514425,-0.3039535462173338,,,,,
