start_time,end_time,duration,x,y,avg_pupil_size,pupil_size_norm,weight_meme,weight_ort,weight_person,weight_politik,weight_text
0.0,282.88,282.88,398.93444337342913,416.3799737629138,4.412965986463759,0.1764212997332697,0.0,1.0,0.0,0.0,0.0
315.562,432.64,117.07799999999996,398.0101936393314,414.209767182668,4.472810745239258,0.8791614677015107,,,,,
465.322,698.88,233.558,373.7607970833778,405.22173047065735,4.422552490234375,0.288992916827824,,,,,
748.8,998.4,249.6,362.654160752016,322.9455891777488,4.341132164001465,-0.6671030705850203,,,,,
1014.442,1164.202,149.76,460.41611433029175,347.82122644511134,4.33886833190918,-0.693686614028687,,,,,
1214.122,1397.76,183.63799999999992,459.2126956352821,353.23808376605695,4.271633783976237,-1.4832029973248717,,,,,
1413.802,1597.44,183.6380000000001,424.1794008475084,390.6445365685683,4.314318339029948,-0.9819702744957672,,,,,
2229.76,2362.283,132.52299999999968,264.6273404359817,709.4315469264984,4.226360321044922,-2.014836537100821,,,,,
3178.243,3360.685,182.442,532.4507098931533,288.80844987355744,4.409046173095703,0.1303920339958142,,,,,
4209.327,4442.816,233.4889999999996,435.5638682842255,336.1134469509125,4.468577067057292,0.829446575744486,,,,,
4492.805,5008.049,515.2439999999997,421.737197673682,431.0890725164703,4.372761964797974,-0.2956832172955352,,,,,
5025.287,5141.767,116.47999999999956,419.5582177903917,422.37234115600586,4.430127143859863,0.3779399436016355,,,,,
5157.809,5574.408,416.59900000000016,424.821662902832,340.5674859329506,4.484471247746394,1.016087468543106,,,,,
6355.892,6522.89,166.9980000000005,460.5071206887563,328.5036474466324,4.510840676047585,1.325736247363014,,,,,
6755.252,6922.251,166.9989999999998,464.2265468835831,344.31343227624893,4.492665030739524,1.112304757320031,,,,,
