start_time,end_time,duration,x,y,avg_pupil_size,pupil_size_norm,weight_meme,weight_ort,weight_person,weight_politik,weight_text
49.92,166.998,117.078,394.0755387147268,347.7740625540416,5.014140129089356,2.7800438283028788,1.0,0.0,0.0,0.0,1.0
1048.32,1165.398,117.07799999999996,460.3048086166382,474.242369333903,4.083340644836426,-1.5613397504248114,,,,,
1647.36,1830.999,183.63900000000007,349.0760509784405,533.0062994590172,4.261748631795247,-0.7292190649277158,,,,,
2679.639,2812.759,133.1199999999999,335.8976745605469,457.69202709198,4.557386610243055,0.6496792763317871,,,,,
2962.519,3078.999,116.48000000000002,278.1071172820197,450.25141504075793,4.570682525634766,0.7116933510302197,,,,,
3877.67,4060.76,183.0900000000001,336.82484168272754,210.91770415122693,4.500551859537761,0.3845937691013166,,,,,
4093.442,4210.52,117.07800000000044,341.4163682195875,219.91568803787231,4.48105525970459,0.2936588042794486,,,,,
4327.0,4476.76,149.76000000000022,489.6981369365345,289.30378827181727,4.444346618652344,0.1224443868267586,,,,,
4510.04,4642.562,132.5219999999999,491.9248557090759,294.69797134399414,4.353791130913629,-0.2999195208499533,,,,,
4726.36,4876.12,149.76000000000022,474.5352354916659,441.93161834370005,4.400325775146484,-0.0828752017111188,,,,,
4992.003,5109.081,117.07800000000044,497.1822500228882,696.6116322411431,4.389155387878418,-0.1349755054543412,,,,,
5491.203,5640.963,149.7599999999993,453.1637972051447,735.6577374718406,4.266521072387695,-0.706959710932547,,,,,
6240.005,6389.765,149.76000000000022,499.3686188351024,739.3297520550815,4.171441268920899,-1.1504256823073655,,,,,
7388.166,7505.244,117.07799999999952,297.8005501959059,339.6702700191074,4.446703910827637,0.1334391388793914,,,,,
7637.766,8004.445,366.6790000000001,371.7690984408061,211.7103549341361,4.330224410347316,-0.4098381181439436,,,,,
