start_time,end_time,duration,x,y,avg_pupil_size,pupil_size_norm,weight_meme,weight_ort,weight_person,weight_politik,weight_text
16.64,199.681,183.041,433.1540676263663,195.96398702034583,4.811878204345703,0.6825529484931881,0.0,0.0,1.0,0.0,0.0
432.043,599.041,166.99800000000005,454.2326331138611,235.83287000656128,4.86813701282848,1.081383871285431,,,,,
1564.162,1713.922,149.76,372.64291156422007,266.16215976801783,4.490053176879883,-1.598934629067673,,,,,
1747.202,1863.683,116.481,352.4074845843845,281.1054865519206,4.41048526763916,-2.1630088340313582,,,,,
2229.165,2396.163,166.99800000000005,477.2215863068898,353.3464829126994,4.679119456898082,-0.2586026710661251,,,,,
3477.166,3594.245,117.07899999999972,615.0177293353611,480.9951305389404,4.725131034851074,0.0675834069724255,,,,,
3826.607,3943.685,117.07799999999996,613.6763215065002,482.8307787577312,4.75964879989624,0.3122873467990902,,,,,
3976.367,4193.285,216.9179999999997,611.3217949867249,483.0686314900716,4.774287360055106,0.4160632818741719,,,,,
4325.807,4442.886,117.07900000000063,335.48974593480426,685.5570952097574,4.785394668579102,0.4948054064913238,,,,,
5174.447,5308.166,133.71900000000005,451.7445731163025,247.5920331478119,4.756191677517361,0.2877790547509866,,,,,
5324.208,5491.206,166.9980000000005,462.69222497940063,228.52034866809845,4.811248779296875,0.6780908174985453,,,,,
