start_time,end_time,duration,x,y,avg_pupil_size,pupil_size_norm,weight_meme,weight_ort,weight_person,weight_politik,weight_text
282.88,482.561,199.681,415.1282463754927,451.0512982095991,5.395578237680288,2.031791464054152,0.0,1.0,0.0,0.0,0.0
1463.726,1630.724,166.99799999999982,270.5781678358714,335.0433101256688,4.990019364790483,0.079547251477097,,,,,
1663.406,1780.484,117.07799999999996,268.5478885968526,345.4778532187144,5.0885090827941895,0.553648534482006,,,,,
1896.965,2062.767,165.8019999999999,252.4214098850886,514.5097096761068,4.984556024724787,0.0532482977676219,,,,,
3560.371,3677.449,117.07799999999996,515.8693313598633,326.01361009809705,5.257414817810059,1.366712347649767,,,,,
3809.972,4059.572,249.5999999999999,435.7920022571788,214.61581342360552,5.222551107406616,1.198888434985486,,,,,
4426.251,4558.773,132.5219999999999,446.2940239906311,321.5626609325409,4.749705844455296,-1.077253180320785,,,,,
4592.651,4708.399,115.7480000000005,547.3134332233005,244.2996104558309,4.710521697998047,-1.2658744342483756,,,,,
4725.771,4875.532,149.76100000000042,536.6933259097012,247.1033107150685,4.718247985839843,-1.2286822983289376,,,,,
4908.08,5025.293,117.21299999999974,538.4208705690172,254.25276358922324,4.682694435119629,-1.3998269046237746,,,,,
5207.735,5457.335,249.6000000000004,334.75056115318745,210.480065205518,4.795124053955078,-0.858622933102264,,,,,
6605.496,6755.256,149.76000000000022,548.4510736031966,327.777656100013,4.998172760009766,0.1187953599361176,,,,,
6772.494,6922.254,149.76000000000022,543.7783739783547,329.5273862101815,5.041751098632813,0.328568995917404,,,,,
6954.811,7188.374,233.5630000000001,603.5745397210121,269.2424677312374,4.960447184244791,-0.0628047525913669,,,,,
7288.334,7404.216,115.88200000000052,382.1236160066393,224.4458410474989,4.934863090515137,-0.1859592494017917,,,,,
7471.374,7753.656,282.2820000000001,377.8855850822047,232.7804126237568,5.045750935872396,0.347823066347636,,,,,
