start_time,end_time,duration,x,y,avg_pupil_size,pupil_size_norm,weight_meme,weight_ort,weight_person,weight_politik,weight_text
832.594,948.476,115.88199999999996,438.1080415513781,437.630459997389,4.371770858764648,0.7894295297614481,0.0,1.0,0.0,0.0,0.0
1082.193,1247.995,165.8019999999999,457.0846339066823,453.3129771550496,4.348349831321023,0.6676713682372836,,,,,
1447.674,1602.701,155.02700000000004,383.85722786188126,604.9859941005707,3.80206298828125,-2.172292925962141,,,,,
1719.211,1852.35,133.1389999999999,440.9702706336975,436.824746131897,4.484437730577257,1.375147266081993,,,,,
3981.672,4098.75,117.07799999999996,409.4367212719387,425.2516878975762,4.144021987915039,-0.3945613891083231,,,,,
4131.432,4248.51,117.07800000000044,463.2755703396267,414.3105970488654,4.162923812866211,-0.2962970639822873,,,,,
4265.15,4398.27,133.1200000000008,463.3044075965881,427.087037563324,4.1977895100911455,-0.115041856259898,,,,,
4430.952,4597.95,166.9979999999996,452.41998831431073,454.4119119644165,4.202414079145952,-0.0910002540154998,,,,,
4980.072,5147.07,166.9979999999996,398.37000261653554,413.4761918674816,4.26549668745561,0.2369453252474337,,,,,
