start_time,end_time,duration,x,y,avg_pupil_size,pupil_size_norm,weight_meme,weight_ort,weight_person,weight_politik,weight_text
215.754,332.192,116.43800000000002,383.7437325053745,200.89802609549628,5.044946670532227,1.028698060437882,0.0,0.0,1.0,0.0,0.0
382.112,631.723,249.611,385.2001996601329,211.49633351494285,4.678813934326172,-1.5460435536187496,,,,,
831.403,1130.923,299.52,298.6691251397133,717.4180269241333,4.781021720484683,-0.8272915429959713,,,,,
1813.67,1929.644,115.97399999999992,389.0654153294033,193.2139535744985,4.773914337158203,-0.8772725302394673,,,,,
1946.882,2063.302,116.42000000000009,379.3158749739329,210.00147561232248,4.8679633140563965,-0.2158954103226364,,,,,
2096.642,2279.084,182.442,380.6169097240154,214.3182470248296,4.983526865641276,0.5967778524317632,,,,,
3626.644,3743.993,117.34900000000016,536.4207214779324,288.9972355630663,5.028744697570801,0.914761528987916,,,,,
4974.764,5141.762,166.9979999999996,311.8134493629138,687.0159159104029,5.030380595814098,0.9262655953192264,,,,,
