start_time,end_time,duration,x,y,avg_pupil_size,pupil_size_norm,weight_meme,weight_ort,weight_person,weight_politik,weight_text
33.879,149.761,115.882,412.2823105918037,201.1960771348741,4.634688377380371,0.1603747154697945,0.0,1.0,0.0,0.0,0.0
199.682,316.761,117.07900000000004,415.3631316290961,219.7112758954366,4.868581771850586,1.3422652515841125,,,,,
399.363,516.442,117.079,375.2403338750203,409.6297952863905,4.735024452209473,0.6673845758379312,,,,,
533.082,648.965,115.88300000000004,266.4975682894389,410.386504067315,4.627923965454102,0.126193354956619,,,,,
848.647,1048.328,199.68099999999995,435.1526192256383,475.7108058248247,4.414057218111479,-0.9545002030907692,,,,,
1198.088,1331.808,133.72000000000003,403.8670432567597,583.0704879760742,4.3374277750651045,-1.3417176947577014,,,,,
