start_time,end_time,duration,x,y,avg_pupil_size,pupil_size_norm,weight_meme,weight_ort,weight_person,weight_politik,weight_text
2296.221,2428.665,132.44399999999996,329.2409563064575,165.82185685634613,2.96671634250217,0.7071067811865475,0.0,0.0,0.0,1.0,1.0
6954.449,7121.319,166.8700000000008,329.5625338951747,530.5927455425262,2.900856711647727,-0.7071067811865475,,,,,
