start_time,end_time,duration,x,y,avg_pupil_size,pupil_size_norm,weight_meme,weight_ort,weight_person,weight_politik,weight_text
449.28,598.736,149.45600000000002,263.7016182596033,205.2433127706701,3.2238174438476563,-2.207037726321247,1.0,0.0,0.0,0.0,1.0
1213.634,1363.403,149.769,263.30343051390213,215.51809148354965,3.534286499023437,-0.1536526572165919,,,,,
1563.074,1679.953,116.8789999999999,474.5143387052748,230.3736170132955,3.593687057495117,0.2392116808835995,,,,,
2112.212,2229.001,116.7890000000002,280.27416070302326,227.3457845052084,3.5946922302246094,0.245859707925914,,,,,
2561.488,2678.309,116.82100000000035,333.0694384045071,235.7546859317356,3.6304140090942383,0.4821169649695333,,,,,
4325.74,4492.448,166.70800000000054,279.3665140867233,413.6169185241063,3.7769893299449575,1.4515391032360505,,,,,
5440.94,5556.674,115.73400000000038,525.9511046939426,453.45592498779297,3.45682430267334,-0.6659733370192451,,,,,
7288.061,7403.736,115.67500000000018,308.66346889072,98.42079248693254,3.618594169616699,0.4039427266749924,,,,,
7952.848,8102.617,149.76900000000023,247.18967242674395,131.76661350510338,3.588362121582031,0.2039935368670265,,,,,
