start_time,end_time,duration,x,y,avg_pupil_size,pupil_size_norm,weight_meme,weight_ort,weight_person,weight_politik,weight_text
1048.318,1265.199,216.88100000000009,493.0203374226888,283.7008674939473,3.691113608224051,0.7438134745999903,0.0,0.0,1.0,0.0,0.0
1282.337,1397.754,115.41699999999992,495.6798897849189,290.6067583296034,3.65876579284668,0.3929828862749474,,,,,
5275.775,5441.293,165.51800000000003,333.26737483342487,83.09965307513873,3.5177147605202417,-1.1367963608749376,,,,,
