start_time,end_time,duration,x,y,avg_pupil_size,pupil_size_norm,weight_meme,weight_ort,weight_person,weight_politik,weight_text
0.0,115.919,115.919,316.21208985646564,397.9257954491509,3.447079658508301,0.1635198997977657,0.0,0.0,1.0,0.0,0.5
2012.877,2162.633,149.75599999999986,344.2785658619621,458.58410705219615,3.3398422241210937,-0.4957530025827235,,,,,
2296.471,2429.296,132.82499999999982,318.72281789779663,519.7607254981995,3.25947994656033,-0.9898031658689082,,,,,
7571.061,7753.688,182.6270000000004,287.660672267278,619.1077828407288,3.635524113972982,1.3220362686538631,,,,,
