start_time,end_time,duration,x,y,avg_pupil_size,pupil_size_norm,weight_meme,weight_ort,weight_person,weight_politik,weight_text
4126.577,4243.163,116.58599999999932,293.5924940639072,231.27505249447293,4.481505393981934,1.14030844144517,0.0,0.0,1.0,0.0,0.0
9218.446,9534.939,316.4930000000004,246.02308103016443,390.86287646066575,4.371843338012695,-0.4127614198177011,,,,,
9552.259,9734.608,182.34900000000016,219.53836129261896,418.712331698491,4.349616368611653,-0.7275470216274434,,,,,
