start_time,end_time,duration,x,y,avg_pupil_size,pupil_size_norm,weight_meme,weight_ort,weight_person,weight_politik,weight_text
915.859,1031.298,115.43899999999996,436.8762572606405,287.5357945760091,3.763895988464356,-1.9136154528589004,0.0,1.0,0.0,0.0,1.0
1230.975,1397.801,166.82600000000002,504.265558719635,305.0438404083252,3.863031560724433,0.0349958308630161,,,,,
1680.268,1797.145,116.87699999999997,318.51518154144287,351.805047194163,3.892007827758789,0.6045540592167847,,,,,
2014.106,2179.458,165.3520000000001,446.66130145390827,348.36094478766125,3.894470908425071,0.6529684342954141,,,,,
2762.962,2878.338,115.3760000000002,462.12328804863824,300.39411650763617,3.9094104766845694,0.9466209610395198,,,,,
3227.785,3344.652,116.8670000000002,298.810358842214,361.7270972993639,3.906195640563965,0.8834300619796622,,,,,
3611.52,3776.914,165.39400000000023,452.667236328125,347.3115672667821,3.8171504627574575,-0.8668441764095532,,,,,
4010.921,4126.352,115.43100000000004,513.7177202436659,355.0255669487848,3.843846321105957,-0.3421097181259344,,,,,
