start_time,end_time,duration,x,y,avg_pupil_size,pupil_size_norm,weight_meme,weight_ort,weight_person,weight_politik,weight_text
1232.371,1347.863,115.49199999999996,296.25060028500025,499.4450860553318,2.965089797973633,-1.009576044959206,0.0,0.0,1.0,0.0,0.0
1764.323,1996.838,232.51499999999987,283.1968195736408,521.6475576162338,2.959308369954427,-1.0817872111572524,,,,,
2180.095,2296.366,116.2710000000002,245.08952829572888,527.7785221735636,2.961422920227051,-1.0553760648689468,,,,,
2662.846,2795.571,132.7249999999999,209.3953037261963,545.394172668457,3.0698030259874134,0.2983126438073386,,,,,
3661.299,3843.874,182.57499999999985,390.2354029508737,353.540013386653,3.026277542114258,-0.2453291587670136,,,,,
3960.613,4126.939,166.32600000000048,339.32085633277893,150.73341677586237,3.0682844682173296,0.2793455603890928,,,,,
4160.284,4359.955,199.67100000000028,234.6388382571084,80.8829556618418,3.085804279033954,0.4981714225177772,,,,,
5375.117,5575.166,200.049,477.2331748689924,219.444352388382,3.068413954514724,0.2809628695574228,,,,,
6456.599,6606.303,149.70399999999972,330.6000792980194,144.0146517753601,3.2088691711425783,2.0352759834808154,,,,,
