start_time,end_time,duration,x,y,avg_pupil_size,pupil_size_norm,weight_meme,weight_ort,weight_person,weight_politik,weight_text
316.773,482.074,165.301,361.5792473157247,287.8810256719589,3.2840444391424004,-1.393824994855296,0.0,0.0,1.0,0.0,0.0
499.082,615.976,116.894,355.8203140894572,279.3084290292528,3.401508331298828,-0.6797107775037189,,,,,
1180.951,1297.864,116.913,487.66207165188257,295.0736403465271,3.471902847290039,-0.2517518211806812,,,,,
2196.384,2396.055,199.67099999999985,354.07186235700334,279.9228949206216,3.4203062791090746,-0.5654298564317929,,,,,
3077.924,3244.61,166.68600000000015,565.9475564956665,131.47739619016647,3.599455399946733,0.523695762237798,,,,,
3394.315,3611.128,216.8130000000001,347.3173785209656,175.8948345979055,3.755409240722656,1.4718071597416371,,,,,
3627.045,3793.755,166.71000000000004,349.3792732556661,183.2500840226809,3.7611153342507104,1.506496990285434,,,,,
5258.814,5374.259,115.44499999999972,354.73968320422705,277.51168807347614,3.528350830078125,0.0914200787943994,,,,,
5723.7,5873.463,149.76299999999992,312.5060948458585,603.2143527811223,3.3977264404296874,-0.7027025410877907,,,,,
