start_time,end_time,duration,x,y,avg_pupil_size,pupil_size_norm,weight_meme,weight_ort,weight_person,weight_politik,weight_text
965.825,1081.213,115.38799999999992,531.209127108256,265.7228469848633,3.263360023498535,0.0635089188492462,0.0,0.0,1.0,1.0,1.0
1148.242,1380.731,232.48900000000003,532.368777692318,264.01534155011177,3.2838897705078125,0.1528737147735287,,,,,
1564.86,1680.258,115.39800000000014,312.2968395551045,231.37815263536243,3.2761030197143555,0.1189784409907551,,,,,
4276.082,4392.934,116.85199999999986,536.9120094511244,250.7995578977797,3.0399246215820312,-0.9090924037829928,,,,,
4460.217,4659.879,199.66200000000023,533.2056079592023,202.9823413916997,2.9911111684945912,-1.1215745289425156,,,,,
5907.849,6023.281,115.4319999999998,535.9841108322144,239.30494917763605,3.6382322311401367,1.6953058581119762,,,,,
