start_time,end_time,duration,x,y,avg_pupil_size,pupil_size_norm,weight_meme,weight_ort,weight_person,weight_politik,weight_text
316.786,449.213,132.42700000000002,323.04328322410583,139.26491260528564,3.1603520711263022,-1.2311955244575037,0.0,0.0,1.0,0.0,0.0
1680.202,1879.884,199.682,321.5414251599993,145.76689898967743,3.3767676720252404,-0.1644883610841972,,,,,
2163.689,2313.341,149.65200000000004,313.8950152830644,164.547475901517,3.4520034790039062,0.20634707736366,,,,,
4809.397,4959.145,149.7480000000005,316.7619824409485,191.1169306798415,3.651434326171875,1.1893368081780384,,,,,
