start_time,end_time,duration,x,y,avg_pupil_size,pupil_size_norm,weight_meme,weight_ort,weight_person,weight_politik,weight_text
482.083,599.11,117.027,451.841413974762,159.32080679469638,3.515064239501953,-2.111358326176437,0.0,0.0,1.0,0.0,0.0
1365.048,1530.413,165.365,243.5324897368749,123.77010385195416,3.7505000721324575,-0.6998107305551234,,,,,
2379.041,2563.02,183.9789999999998,579.2843506886409,22.304760564405186,3.949396133422852,0.4926638981205348,,,,,
2845.556,2978.091,132.53499999999983,620.2436566352844,52.91253820061684,3.916402180989584,0.2948497688655586,,,,,
4325.924,4442.928,117.0039999999999,300.0505791770088,183.2107683022817,3.799991607666016,-0.4030858981221637,,,,,
4509.599,4709.164,199.5649999999996,242.1619347163609,160.0333388362612,3.868490952711839,0.0075996152967424,,,,,
5708.153,6057.593,349.4399999999996,461.6844083951867,191.014952244966,4.056187369606712,1.132927153651949,,,,,
6107.513,6372.656,265.14300000000003,424.74821938408746,310.37025650342304,4.053565530215993,1.1172080039935235,,,,,
6407.036,6522.416,115.38000000000012,424.3894471062554,303.2697214020623,3.89541244506836,0.1690065149254129,,,,,
