start_time,end_time,duration,x,y,avg_pupil_size,pupil_size_norm,weight_meme,weight_ort,weight_person,weight_politik,weight_text
0.0,166.985,166.985,508.25125376383465,313.05440564950305,3.669411399147727,1.1546821432083367,0.0,1.0,0.0,0.0,0.0
182.548,416.586,234.038,424.5510593056679,291.23509749770164,3.5506006876627603,-0.5716965063553613,,,,,
4725.284,4842.179,116.89500000000044,446.4912202623156,292.323903242747,3.549823760986328,-0.5829856368529818,,,,,
