start_time,end_time,duration,x,y,avg_pupil_size,pupil_size_norm,weight_meme,weight_ort,weight_person,weight_politik,weight_text
115.606,249.77,134.16400000000002,414.1674947738648,246.7910599708557,3.610199822319879,-1.1926467258536977,0.0,0.0,1.0,0.0,0.0
2811.261,2928.15,116.88900000000012,419.02578671773273,151.97709268993802,3.6416330337524414,-0.8047946569955032,,,,,
2995.184,3177.788,182.6039999999998,420.0032591819763,172.41656092497018,3.6642233530680337,-0.5260543793271794,,,,,
3227.658,3360.377,132.71900000000005,424.3704056739807,183.95461976528168,3.731779310438368,0.3075135774816096,,,,,
3909.504,4126.276,216.772,413.9166847864787,221.36194229125977,3.81507328578404,1.3352717729988446,,,,,
6689.395,6904.722,215.3269999999993,423.1521352132161,177.26602037747702,3.778233664376395,0.8807104116959367,,,,,
