start_time,end_time,duration,x,y,avg_pupil_size,pupil_size_norm,weight_meme,weight_ort,weight_person,weight_politik,weight_text
3778.02,3910.864,132.84400000000005,534.483208656311,377.90776014328,3.2651570638020835,-0.7071067811865476,0.0,1.0,0.0,0.0,0.0
4377.235,4642.564,265.32900000000063,297.2332212660048,497.7759917577108,3.4003924201516544,0.7071067811865476,,,,,
