start_time,end_time,duration,x,y,avg_pupil_size,pupil_size_norm,weight_meme,weight_ort,weight_person,weight_politik,weight_text
1297.937,1697.317,399.3800000000001,220.18508842358224,284.9580228328705,3.5946307373046875,-1.2633347116425082,0.0,0.0,1.0,1.0,0.0
1714.31,1880.642,166.3320000000001,220.1530625422796,278.0663728713989,3.786951932040128,0.7054814914759938,,,,,
2080.594,2196.519,115.92499999999971,267.0516159799364,396.4439007971022,3.726263046264648,0.0842017525042309,,,,,
3394.592,3711.024,316.4319999999998,271.45343167441234,278.9694683892386,3.713806533813477,-0.0433171285112029,,,,,
3810.956,4110.463,299.5069999999996,224.11189317703247,288.9473956823349,3.858116551449424,1.4340026301602726,,,,,
4676.864,4809.506,132.6420000000007,547.5747275352478,60.907563865184784,3.628458658854168,-0.9170340339868136,,,,,
