start_time,end_time,duration,x,y,avg_pupil_size,pupil_size_norm,weight_meme,weight_ort,weight_person,weight_politik,weight_text
1098.241,1248.001,149.76,342.19838922674006,66.13141921433535,3.5685768127441406,-0.3962119752885473,1.0,0.0,0.0,1.0,1.0
1747.201,1896.962,149.76099999999997,343.8521070913835,67.92103106325322,3.592146301269531,0.1642483368574266,,,,,
1930.564,2130.224,199.66000000000008,284.5831649644034,70.54603333984103,3.585790780874399,0.0131200278714871,,,,,
2779.51,2912.382,132.87199999999984,353.78401160240173,80.88590979576111,3.638353135850695,1.2630034882362224,,,,,
2945.276,3112.053,166.77700000000004,358.75428517659503,80.3259904185931,3.613752885298296,0.6780326226778072,,,,,
3878.036,3993.582,115.54599999999982,570.736485057407,274.6539698706733,3.524934768676758,-1.4339788158521118,,,,,
6040.309,6190.065,149.7559999999994,481.8878932432695,280.6309634988958,3.6277061462402345,1.009828069768181,,,,,
6739.196,6905.997,166.8010000000004,346.3383088509242,339.0670567750931,3.530651439319957,-1.2980417542704863,,,,,
