start_time,end_time,duration,x,y,avg_pupil_size,pupil_size_norm,weight_meme,weight_ort,weight_person,weight_politik,weight_text
2461.643,2611.403,149.75999999999976,379.0634512901306,394.6140105074102,3.377632904052734,0.3863096253441899,0.0,0.0,1.0,1.0,1.0
3893.752,4009.16,115.4079999999999,568.1008444892036,59.90281701087952,3.330044746398926,-1.1355314120339606,,,,,
4143.328,4308.676,165.34799999999996,548.196929693222,57.48691732684771,3.3889812122691763,0.7492217866897565,,,,,
