start_time,end_time,duration,x,y,avg_pupil_size,pupil_size_norm,weight_meme,weight_ort,weight_person,weight_politik,weight_text
316.755,432.181,115.426,334.55384969711304,161.19751466645135,3.464062690734864,1.2910696604383074,0.0,0.0,0.0,0.0,1.0
865.342,1014.895,149.553,289.4722851839933,193.97361278533936,3.220214080810547,-1.4692129760588806,,,,,
1114.919,1280.817,165.8979999999999,448.2526461283366,180.31744211912155,3.296259793368253,-0.6084015897719498,,,,,
1514.725,1647.335,132.61000000000013,310.8236563205719,262.9844605922699,3.423600090874566,0.833046906662607,,,,,
1963.481,2096.546,133.06499999999983,277.6818358898163,294.56827044487,3.3686099582248263,0.2105774639257198,,,,,
2712.81,2828.343,115.5329999999999,296.5533587667677,336.7745770348443,3.327296257019043,-0.2570794651957988,,,,,
