start_time,end_time,duration,x,y,avg_pupil_size,pupil_size_norm,weight_meme,weight_ort,weight_person,weight_politik,weight_text
3227.593,3344.635,117.04200000000036,524.9173455768162,224.6804396311442,3.956454277038574,-1.347539040037234,1.0,0.0,0.0,0.0,0.0
4076.244,4442.728,366.4839999999999,195.7236789166928,320.9526101748149,4.105237214461617,0.0911637950954528,,,,,
5558.257,5673.693,115.4360000000006,266.5216379695469,365.0008691681756,4.115306854248047,0.1885353052996707,,,,,
5723.613,5956.904,233.29100000000017,210.30692756175995,326.03540420532227,4.206239827473959,1.067839939642119,,,,,
