start_time,end_time,duration,x,y,avg_pupil_size,pupil_size_norm,weight_meme,weight_ort,weight_person,weight_politik,weight_text
533.58,648.953,115.37299999999992,486.100623342726,356.2999910778469,3.382176399230957,-0.7071067811865476,0.0,0.0,1.0,1.0,0.5
1315.036,1564.386,249.3499999999999,543.437037748449,173.26692062265732,3.420045852661133,0.7071067811865476,,,,,
