start_time,end_time,duration,x,y,avg_pupil_size,pupil_size_norm,weight_meme,weight_ort,weight_person,weight_politik,weight_text
2661.638,2778.459,116.82099999999993,407.9204320907593,147.91839255226984,3.664358139038086,-0.5287317845743121,0.0,0.0,1.0,0.0,0.0
2961.151,3177.804,216.65300000000025,447.1588722864787,316.1059586207072,3.6592091151646207,-0.6246403084705481,,,,,
5307.402,5441.115,133.71299999999974,497.501757144928,347.53923535346985,3.754664950900609,1.15337209304486,,,,,
