start_time,end_time,duration,x,y,avg_pupil_size,pupil_size_norm,weight_meme,weight_ort,weight_person,weight_politik,weight_text
964.966,1081.897,116.93099999999993,512.2908115386963,205.4972940021091,3.704889297485352,-0.5997210046057111,0.0,0.0,1.0,0.0,0.0
1248.919,1381.404,132.4849999999999,523.0456876754761,327.20781326293945,3.7358610365125866,0.4410906380593739,,,,,
2496.516,2762.081,265.56500000000005,505.5263135168288,216.2179516421424,3.6808435776654416,-1.4077823512035668,,,,,
2779.199,2929.0,149.80099999999993,504.8476804386486,213.8170480728149,3.738134002685547,0.517474132512841,,,,,
2946.202,3111.522,165.3199999999997,521.2468643983206,205.0575335820516,3.714807683771306,-0.266411599092702,,,,,
3261.282,3445.403,184.12099999999964,497.71329256204456,210.82733915402332,3.72088623046875,-0.0621407905462685,,,,,
5791.648,6056.812,265.16399999999976,511.5977896584405,212.5624150037765,3.780709210564108,1.948222725929773,,,,,
6073.967,6423.344,349.3770000000004,504.3814130451368,212.01883606288743,3.7057519392533735,-0.5707317510537248,,,,,
