start_time,end_time,duration,x,y,avg_pupil_size,pupil_size_norm,weight_meme,weight_ort,weight_person,weight_politik,weight_text
881.471,1031.222,149.75099999999998,534.848934953863,139.64365016330373,3.4611053466796875,-1.9121782662807456,0.0,0.0,1.0,0.0,0.0
1165.415,1315.198,149.78300000000013,538.7212514877319,112.1529072523117,3.5416328430175783,-1.388045400790452,,,,,
1929.794,2079.559,149.7650000000001,308.5027261213823,154.68522797931325,3.807901763916016,0.3450308631966438,,,,,
3028.032,3144.88,116.84799999999996,451.5807814068264,379.22359175152246,3.830096244812012,0.4894890594539442,,,,,
3811.048,3926.599,115.5510000000004,368.3072182867262,201.1031640900506,3.7608041763305664,0.0384847185696902,,,,,
4010.829,4410.246,399.4169999999999,527.6432248262258,144.87473643743076,3.855330505371094,0.653732403613858,,,,,
4460.116,4592.546,132.4300000000003,324.1328525543213,167.0685112476349,3.9406407674153647,1.2089950671067529,,,,,
6107.422,6239.878,132.45600000000013,363.0445528030396,194.16957557201383,3.808222452799479,0.3471181450700964,,,,,
6257.287,6389.68,132.39300000000003,387.0691168308258,226.4941513538361,3.78828854031033,0.2173734100601946,,,,,
