start_time,end_time,duration,x,y,avg_pupil_size,pupil_size_norm,weight_meme,weight_ort,weight_person,weight_politik,weight_text
0.0,266.839,266.839,418.2270156012641,500.6855368614197,4.137191323673024,-0.5657711210527194,0.0,0.0,1.0,0.0,0.0
283.479,483.15,199.671,449.59825617926464,452.4030617305211,4.074507493239183,-0.8679957816693152,,,,,
815.956,998.403,182.447,410.0904473891625,328.771383028764,4.166167577107747,-0.4260646241836037,,,,,
1015.641,1165.402,149.76100000000008,410.2981935847889,347.53564921292394,4.290660095214844,0.1741652720084141,,,,,
1182.042,1514.843,332.80100000000016,450.30437707901,428.4904089840976,4.411794026692708,0.7582020335890651,,,,,
1531.483,1964.124,432.6410000000001,455.1571939672743,435.3241639477866,4.317986382378472,0.3059165993727445,,,,,
1996.806,2346.247,349.4409999999998,487.5341892242432,296.60457009854525,4.301334034312855,0.2256287451084424,,,,,
2446.087,2712.926,266.83899999999994,410.8510918087429,303.3422337638007,4.375471227309284,0.583074801568898,,,,,
2729.566,2929.247,199.68100000000004,349.50233783040727,303.1902866704123,4.3556049053485575,0.4872910504687263,,,,,
2962.527,3328.608,366.0810000000001,323.39453647534054,336.28027339776355,4.176364069399626,-0.3769031195170169,,,,,
3361.888,3528.288,166.4000000000001,426.50461594263714,398.1819788614909,3.89546689120206,-1.731224541187615,,,,,
3544.33,3811.169,266.83899999999994,466.41047265794543,442.6934507158068,3.824040132410386,-2.075602473827525,,,,,
3843.851,3977.57,133.71900000000005,559.69801902771,516.3847494125366,4.020668029785156,-1.1275780927303194,,,,,
4010.85,4260.45,249.5999999999999,577.7379568885355,429.6210408210754,4.204459190368652,-0.2414449265336143,,,,,
4277.09,4410.211,133.1210000000001,512.3824715614319,378.7094044685364,4.267013549804688,0.0601555008780081,,,,,
4442.893,5425.251,982.3580000000002,454.1889335288376,436.3813075862947,4.362998453776042,0.5229384040012642,,,,,
5475.171,5874.531,399.3599999999997,621.9210202877338,434.79111378009503,4.484849243164063,1.110431433922698,,,,,
5907.81,6307.17,399.3599999999997,638.6510931528532,599.5124376737155,4.549119873046875,1.4203067106808505,,,,,
6439.692,6806.37,366.6779999999999,481.113017598788,419.9491406480472,4.620502969493037,1.7644741291026182,,,,,
