start_time,end_time,duration,x,y,avg_pupil_size,pupil_size_norm,weight_meme,weight_ort,weight_person,weight_politik,weight_text
66.55,282.338,215.788,326.06115102767944,269.11388635635376,3.745801108224051,1.6978433546967326,0.0,0.0,0.0,0.0,1.0
349.435,515.958,166.52299999999997,318.4786299864451,145.06762822469076,3.374794699928977,0.4725500669533909,,,,,
549.117,881.326,332.20900000000006,418.4556094082919,153.78667387095365,2.991432553245908,-0.7935495329544624,,,,,
915.3,1164.84,249.54,296.4221800074858,232.2214126586914,2.956777572631836,-0.9080017747053004,,,,,
1797.264,1929.648,132.384,295.02959728240967,321.6233277320862,3.037750244140625,-0.6405797877204922,,,,,
2628.562,2762.307,133.7449999999999,427.8463113307953,442.1319365501404,3.2837117513020835,0.1717376737301387,,,,,
