start_time,end_time,duration,x,y,avg_pupil_size,pupil_size_norm,weight_meme,weight_ort,weight_person,weight_politik,weight_text
7854.656,8020.83,166.17399999999998,356.31300806999207,382.24160472551984,3.629268993030895,-0.8845135431793292,0.0,0.0,1.0,0.0,0.0
8154.172,8303.933,149.76100000000133,352.9994498599659,372.700699892911,3.635309600830078,-0.8466117521734787,,,,,
9002.798,9119.117,116.3189999999995,315.49125644895764,250.45830607414248,3.91380786895752,0.900825509932034,,,,,
11648.585,11948.105,299.52000000000044,313.3713608980179,155.4062071442604,3.9025678132709705,0.8302997854207793,,,,,
