start_time,end_time,duration,x,y,avg_pupil_size,pupil_size_norm,weight_meme,weight_ort,weight_person,weight_politik,weight_text
599.11,715.159,116.04899999999998,387.3161474863688,738.2247765858968,3.91666316986084,1.6257804171557384,0.0,0.0,1.0,1.0,0.5
1780.59,2130.035,349.44499999999994,365.2425620866858,127.85147791323456,3.2547857111150567,-1.0523866306941412,,,,,
2329.72,2496.084,166.36400000000003,395.96034785111743,101.57245397567748,3.400869196111506,-0.4612863135841879,,,,,
2679.161,2845.46,166.29899999999998,373.4812557697296,222.4358469247818,3.531412298029119,0.0669326629954972,,,,,
2895.426,3011.465,116.0390000000002,379.394547144572,360.09743213653564,3.470623016357422,-0.1790401358729028,,,,,
