start_time,end_time,duration,x,y,avg_pupil_size,pupil_size_norm,weight_meme,weight_ort,weight_person,weight_politik,weight_text
515.943,681.722,165.779,335.8496695756912,303.2331903775533,3.178771279074929,-0.9397233069146712,0.5,0.0,1.0,1.0,1.0
698.868,931.309,232.44099999999992,339.2380967736244,356.51756823062897,3.12002919514974,-1.2668498925317464,,,,,
1098.247,1214.802,116.55499999999984,360.0918610890706,448.7592273288303,3.217867851257324,-0.7219998740237579,,,,,
3244.8,3361.316,116.51599999999962,411.1818631490072,549.061738120185,3.397994041442871,0.2810981034101389,,,,,
4043.507,4160.089,116.58199999999988,355.2916460567051,412.8340562184652,3.3950510025024414,0.2647087243553039,,,,,
4775.182,4892.155,116.97299999999996,484.60334804322986,300.71820815404254,3.554671287536621,1.1536121365147156,,,,,
5141.758,5258.279,116.52100000000064,500.0405642721388,325.1686069700453,3.568236351013184,1.2291541091900149,,,,,
