start_time,end_time,duration,x,y,avg_pupil_size,pupil_size_norm,weight_meme,weight_ort,weight_person,weight_politik,weight_text
16.636,199.699,183.063,369.2548467562749,758.3514525340154,3.7826919555664062,-0.9194533262546564,0.0,0.0,1.0,0.0,0.5
299.543,499.218,199.675,373.3580206121717,760.0946136883327,3.7789793748122,-0.998957309741214,,,,,
998.388,1214.758,216.37,369.2535042762756,757.7505747477213,3.79541015625,-0.6470962560464322,,,,,
1779.958,1896.957,116.99900000000002,391.28792815738257,727.5647428300646,3.807572364807129,-0.3866456174467408,,,,,
1946.864,2063.313,116.44900000000008,351.1599500974019,756.2021626366509,3.903043746948242,1.6578500290345963,,,,,
2462.829,2662.395,199.5659999999998,364.06631640025546,765.3353435652597,3.857460021972656,0.6816860187007107,,,,,
4209.903,4325.85,115.94700000000012,374.9607788191901,741.6051891114977,3.8542346954345694,0.612616461753784,,,,,
