start_time,end_time,duration,x,y,avg_pupil_size,pupil_size_norm,weight_meme,weight_ort,weight_person,weight_politik,weight_text
682.298,798.782,116.48400000000004,315.9434225824144,271.68496582243176,3.398763656616211,0.6095457988783306,0.0,1.0,0.0,0.0,1.0
832.058,1048.42,216.36200000000008,406.8989499409993,267.466680208842,3.267523629324777,-0.7325735977916963,,,,,
1281.349,1431.109,149.76,465.1291608810425,291.7833209037781,3.245350646972656,-0.959324462683858,,,,,
5125.317,5324.997,199.6800000000003,374.3792678628649,756.8132519721985,3.444997347318209,1.0823522615972283,,,,,
