start_time,end_time,duration,x,y,avg_pupil_size,pupil_size_norm,weight_meme,weight_ort,weight_person,weight_politik,weight_text
1563.588,1696.947,133.35899999999992,392.3860865831375,283.7086403369904,3.374137313277633,1.2498763317905106,0.0,1.0,0.0,0.0,0.0
1813.187,2029.623,216.4360000000001,415.4264688491821,290.6785726547241,3.3462121146065846,1.0396735715388696,,,,,
2312.387,2478.929,166.54199999999992,406.9220721721649,274.3438760439555,3.276311007412997,0.5135034321668087,,,,,
3260.867,3377.545,116.67799999999988,461.6399870978461,397.5056065453424,3.189091682434082,-0.1430270037960533,,,,,
3394.585,3527.25,132.66499999999996,457.6604461669922,402.31509804725647,3.1777877807617188,-0.2281154345404105,,,,,
4259.269,4392.987,133.71799999999985,406.7939281463623,251.84024810791016,3.0702472262912326,-1.0376108889854474,,,,,
4409.029,4658.63,249.6009999999997,411.2959931878482,248.6610076006721,3.02286148071289,-1.3943000081742842,,,,,
