start_time,end_time,duration,x,y,avg_pupil_size,pupil_size_norm,weight_meme,weight_ort,weight_person,weight_politik,weight_text
714.996,864.757,149.76099999999997,469.8653979734941,343.42345216057515,2.7200225830078124,0.0128995596190605,0.0,1.0,0.0,0.0,0.0
881.939,998.476,116.53700000000003,471.6770437028673,337.364137172699,2.731329917907715,0.1358595898782616,,,,,
1014.518,1131.495,116.97699999999986,474.0406566196018,310.1816376050313,2.749791145324707,0.3366136227171526,,,,,
1164.28,1314.041,149.76099999999997,474.3003628470681,311.4070263775912,2.7683029174804688,0.537917297241159,,,,,
1597.521,1713.404,115.88300000000004,360.0739114424762,549.4470876805922,2.73523442885455,0.1783186475094593,,,,,
1730.54,1846.861,116.32100000000014,356.1673024121453,576.5622026780072,2.6567719403435204,-0.6749106984800757,,,,,
2042.626,2242.298,199.6719999999998,569.0863575254168,652.6948877743313,2.746772766113281,0.3037906805777224,,,,,
2791.447,2941.207,149.75999999999976,441.4999571713534,354.9094579436562,2.5129127502441406,-2.239287319874435,,,,,
5769.416,5936.336,166.92000000000007,472.78405626614887,324.36276376247406,2.848388671875,1.4087986208117094,,,,,
