start_time,end_time,duration,x,y,avg_pupil_size,pupil_size_norm,weight_meme,weight_ort,weight_person,weight_politik,weight_text
0.0,249.601,249.601,428.4394278245813,99.08464077640984,3.4596734046936035,0.4729944063654401,0.0,0.0,1.0,0.0,0.0
433.239,565.781,132.54199999999997,443.58009099960327,266.78784012794495,3.570557488335504,1.817045464245644,,,,,
2613.108,2729.437,116.32899999999972,547.1468369166056,255.6701600551605,3.4231433868408203,0.0302057975153316,,,,,
3578.129,3711.35,133.221,236.462504863739,401.1369025707245,3.3660685221354165,-0.6616115469234539,,,,,
3793.952,4010.714,216.7619999999997,316.46433115005493,204.0075361728668,3.437676565987723,0.2063657491080243,,,,,
4127.351,4327.022,199.67100000000028,352.8537315981729,180.7678137506757,3.314303471491887,-1.289067434130404,,,,,
4592.665,4759.424,166.759,358.8668862978617,182.96836912631989,3.373137040571733,-0.575932436180577,,,,,
