start_time,end_time,duration,x,y,avg_pupil_size,pupil_size_norm,weight_meme,weight_ort,weight_person,weight_politik,weight_text
0.0,199.671,199.671,371.0913002490997,248.2131498200553,3.78351064828726,-0.3964208313748767,0.0,0.0,1.0,0.0,0.0
233.103,399.342,166.23899999999998,441.06014172236127,349.45506552855176,3.729157187721946,-0.668169413211261,,,,,
416.202,915.356,499.154,452.4783313274384,428.8003630936146,3.70071288078062,-0.8103811508307217,,,,,
948.485,1714.1,765.6149999999999,455.6581432620685,360.8225777745247,3.8021469116210938,-0.3032459336034078,,,,,
1763.92,1996.806,232.886,363.81736770272255,327.28678211569786,3.8715443929036457,0.0437175701994248,,,,,
2013.593,2130.069,116.47599999999989,337.2030446926753,352.31936954789694,3.835536003112793,-0.1363119763667497,,,,,
2313.33,2612.631,299.301,474.7158777713776,415.9534013271332,3.714807209215666,-0.7399143631722326,,,,,
2645.786,4642.6,1996.8140000000003,463.79618605629344,348.69427397602897,3.9879540687750192,0.6257258545121687,,,,,
4659.364,5507.93,848.5660000000007,461.74094126774713,364.62510434480816,4.339833186222957,2.3850002438476894,,,,,
