start_time,end_time,duration,x,y,avg_pupil_size,pupil_size_norm,weight_meme,weight_ort,weight_person,weight_politik,weight_text
0.0,299.492,299.492,407.4567037820816,420.55249750614166,4.107765197753906,2.0780695322997955,0.0,1.0,0.0,0.0,0.0
316.095,515.775,199.67999999999995,369.71102271761214,408.3327668053763,4.034246004544771,0.9307665083157886,,,,,
532.287,898.476,366.189,349.1025408109029,438.3773436148961,3.978682476541272,0.0636704355896325,,,,,
915.13,1880.11,964.98,417.6624220609665,436.51021758715314,3.901363696082164,-1.1429270086879026,,,,,
1913.514,2329.418,415.9040000000002,520.5669456058079,467.1425316068861,3.915271465594952,-0.9258894526104794,,,,,
2346.214,2479.123,132.9090000000001,525.8136677742004,462.1319031715393,3.927260504828559,-0.7387946224448118,,,,,
2678.988,2895.345,216.357,334.2156704266866,462.9471969604492,3.983069283621652,0.132128708990961,,,,,
2928.431,4991.892,2063.461,358.6623868298909,382.4197445596968,3.958489868164063,-0.2514451096448446,,,,,
5008.555,5174.877,166.32200000000012,390.54845679890025,450.2932006662542,3.965273770419034,-0.1455789918080977,,,,,
