start_time,end_time,duration,x,y,avg_pupil_size,pupil_size_norm,weight_meme,weight_ort,weight_person,weight_politik,weight_text
0.0,232.908,232.908,393.8966743648052,244.6181021630764,4.042593383789063,2.589980719513893,0.0,0.0,1.0,1.0,0.0
532.739,648.97,116.231,511.924590004815,380.532103114658,3.45437240600586,-0.7927200259926205,,,,,
665.495,881.857,216.362,501.9178326924642,350.0678936640422,3.5646395002092635,-0.1586036040105296,,,,,
915.036,1114.706,199.67,351.5039716448103,245.5913867269244,3.5133150540865383,-0.4537566990537319,,,,,
1131.434,1863.513,732.079,346.0127029729926,216.3877846106239,3.585665724012587,-0.0376874421919977,,,,,
1896.958,2978.586,1081.6279999999997,507.5378375266915,343.98307729123246,3.558944355357777,-0.1913548513521224,,,,,
3111.601,3943.684,832.0830000000001,341.4641806712517,228.41214216672452,3.5765383851294423,-0.0901763149296902,,,,,
3976.868,4509.299,532.431,471.7766144696404,306.2521233278162,3.503667195638021,-0.5092389399104483,,,,,
4526.035,5158.286,632.2510000000002,504.322004929567,345.96001918499286,3.530237051156851,-0.3564428420727548,,,,,
