start_time,end_time,duration,x,y,avg_pupil_size,pupil_size_norm,weight_meme,weight_ort,weight_person,weight_politik,weight_text
0.0,183.16,183.16,481.9969030526968,285.5090379714966,4.140505472819011,2.044108013444232,0.0,0.0,1.0,1.0,0.0
233.08,399.438,166.35799999999998,387.5942885875702,421.5748230616252,4.05938096479936,0.9592711596588795,,,,,
416.212,1897.069,1480.857,412.1176542816581,438.4371254470322,3.886966620551216,-1.346338320478938,,,,,
1930.372,2679.173,748.8009999999997,343.6566456835321,358.82053628880925,3.9350816477899966,-0.7029204922084419,,,,,
2695.706,3194.884,499.1779999999999,343.4965427964926,355.59581108391285,3.956151408533896,-0.4211652802090589,,,,,
3228.298,3494.39,266.0920000000001,455.4567363527086,504.632298151652,3.953108843635112,-0.4618519557009702,,,,,
3511.164,3793.993,282.8289999999997,420.9713810368588,454.5530256472136,4.010729471842448,0.3086794477368487,,,,,
3810.753,4492.842,682.0889999999995,504.5635550521141,526.4063596725464,3.983563559395926,-0.054596505586095,,,,,
4542.711,5458.058,915.3469999999998,508.3820091826575,294.77625702108656,3.963328770228794,-0.3251860666563907,,,,,
