start_time,end_time,duration,x,y,avg_pupil_size,pupil_size_norm,weight_meme,weight_ort,weight_person,weight_politik,weight_text
0.0,183.027,183.027,429.0011369265043,394.9346120540913,3.999502182006836,0.5051830747501411,0.0,0.0,1.0,0.0,0.0
216.146,365.948,149.802,399.1807352412831,324.30485161868006,4.018983459472656,0.7609980373266053,,,,,
399.375,582.351,182.976,470.5991836694571,457.0666955067561,4.027567545572917,0.8737184514957592,,,,,
599.064,1414.271,815.207,473.01000754038495,481.8016113019457,4.016864624023437,0.7331749229493002,,,,,
1431.108,1580.757,149.64900000000011,471.73258391293615,431.9505149667913,3.9151634216308593,-0.6022964972224639,,,,,
1630.673,2129.828,499.155,386.572371609509,306.3061958178878,3.95835458078692,-0.0351394007472816,,,,,
2329.877,2828.839,498.962,470.9474176168442,482.8140199184418,4.011170171922253,0.6583992285055593,,,,,
2845.465,4775.736,1930.271,474.3687247825881,434.7561684705443,3.901335822211371,-0.7838711826723711,,,,,
4792.359,5108.284,315.9249999999993,479.3364036083221,424.37880516052246,3.800333404541016,-2.1101666343852954,,,,,
