start_time,end_time,duration,x,y,avg_pupil_size,pupil_size_norm,weight_meme,weight_ort,weight_person,weight_politik,weight_text
0.0,216.293,216.293,417.5166813532512,205.3696616490682,4.716591426304409,1.493345508601834,0.0,0.0,1.0,0.0,0.0
232.855,399.324,166.46900000000002,456.79736137390137,265.8880631128947,4.746163108132103,1.6302534800655115,,,,,
432.429,682.066,249.63700000000009,349.72161896088545,252.8109508402208,4.496661186218262,0.4751348025230189,,,,,
698.817,1514.224,815.4069999999999,336.5315030602848,269.7193641288608,4.279507904052735,-0.5302194255926103,,,,,
1547.477,2046.728,499.251,457.8250177204609,274.6424175798893,4.25415531281502,-0.6475942796143649,,,,,
2096.644,3111.663,1015.0190000000002,334.72543122276426,246.1719420221117,4.130748994888798,-1.218928326542276,,,,,
3161.587,3760.624,599.0369999999998,352.6703282406456,469.4315370760466,4.24669090477196,-0.6821522384517117,,,,,
3810.544,4642.523,831.9790000000003,334.83258279470294,254.9093684324852,4.289667316511566,-0.4831844088118318,,,,,
4775.611,5457.886,682.2750000000005,336.969834849948,234.2973737489609,4.386116209484282,-0.0366551121775816,,,,,
