start_time,end_time,duration,x,y,avg_pupil_size,pupil_size_norm,weight_meme,weight_ort,weight_person,weight_politik,weight_text
82.806,215.954,133.14800000000002,231.1117434501648,783.96812915802,4.536449856228298,-1.7533352784393816,1.0,0.0,0.0,0.0,0.0
265.824,482.238,216.414,329.37171459198,360.0735727945964,4.657566615513393,-1.2237705069952085,,,,,
515.473,665.276,149.803,344.3563082001426,280.0796920602972,4.761508941650391,-0.7692983554199918,,,,,
698.918,3627.208,2928.29,286.7001282365135,450.95513268802944,5.004845010358735,0.2946519217363756,,,,,
3677.123,3860.112,182.98900000000003,516.8706802221445,177.31410769315866,5.189350763956706,1.101375514829316,,,,,
3876.881,4093.202,216.3210000000004,518.7294562657675,136.5225052833557,5.131155831473214,0.8469269455170599,,,,,
4209.586,4475.867,266.28099999999995,226.98186304834155,148.82232778602176,5.017497343175552,0.3499723396200945,,,,,
4525.782,4875.191,349.40899999999965,345.9417058073956,229.7876389130302,5.040652535178444,0.4512149259734337,,,,,
4892.204,5058.237,166.03300000000036,334.22004201195455,246.0095373066989,5.098069624467329,0.7022624931782789,,,,,
