start_time,end_time,duration,x,y,avg_pupil_size,pupil_size_norm,weight_meme,weight_ort,weight_person,weight_politik,weight_text
0.0,249.674,249.674,398.446048708523,403.3738683251773,3.373659133911133,-1.215497328354327,0.0,0.0,1.0,0.0,0.0
282.94,432.742,149.80200000000002,308.30525810068303,191.29589741880244,3.508739471435547,-0.6116880812255643,,,,,
465.576,832.084,366.5079999999999,294.7514389952024,107.7679593116045,3.358165575110394,-1.2847535520673334,,,,,
1064.608,1297.9,233.2920000000001,296.344006061554,96.52621392160654,3.5702412923177085,-0.3367748788714892,,,,,
1314.222,1547.478,233.25600000000009,295.27901262044907,127.19449363648891,3.7052632649739583,0.2667734772367821,,,,,
1580.9,2030.112,449.212,303.620562882259,256.0158922754485,3.722703661237444,0.3447320664028723,,,,,
2063.029,2362.545,299.5160000000001,296.5941733121872,121.26543074846268,3.765508551346629,0.5360699690460657,,,,,
2379.585,2545.885,166.30000000000018,294.4854309161504,102.49890709916752,3.888559514825994,1.0861079018689388,,,,,
2562.226,2711.982,149.75599999999986,280.9675606814298,116.87076525254685,3.8090896606445312,0.7308775722580948,,,,,
2761.897,3111.356,349.4590000000003,292.4979816312375,109.61373927800553,3.9496407942338414,1.3591412834019727,,,,,
3144.871,3360.962,216.0909999999999,291.3260094324748,209.3736612796784,3.832315717424666,0.8346980698612193,,,,,
3394.546,3577.71,183.1640000000002,339.0055170426002,404.36920019296497,3.6796677907307935,0.1523616811463618,,,,,
3610.562,3943.713,333.1510000000003,289.27225958217275,393.8836000182412,3.696609497070313,0.228091125841391,,,,,
4043.64,4177.065,133.42499999999973,255.16790509223932,600.5671525001526,3.7559933132595487,0.4935368450481178,,,,,
4209.599,4426.665,217.0659999999998,238.0000321070353,710.3134822845459,3.883276803152902,1.0624941752778896,,,,,
4492.977,4792.567,299.59000000000015,429.42708015441895,566.9990301132202,3.877233003315173,1.0354783838111503,,,,,
4825.866,5008.318,182.45200000000025,456.9513302582961,442.3173647660476,3.561215082804362,-0.3771220446438229,,,,,
5058.362,5391.457,333.09500000000025,452.4667295542631,370.6558709794825,3.3122427804129466,-1.4900284914144672,,,,,
5441.373,5774.257,332.884,302.8945489363237,375.61943260106176,3.1181640625,-2.357560559325919,,,,,
5807.035,6423.334,616.299,195.280087299836,359.1963480680417,3.543359254535876,-0.4569376152978901,,,,,
