start_time,end_time,duration,x,y,avg_pupil_size,pupil_size_norm,weight_meme,weight_ort,weight_person,weight_politik,weight_text
5740.802,6040.322,299.52000000000044,442.5045284628868,502.5233918428421,3.8106882195723686,0.7071067811865476,0.0,1.0,0.0,0.0,0.0
7987.195,8104.099,116.90400000000044,454.48750654856366,399.0631937980652,3.754616737365723,-0.7071067811865476,,,,,
