start_time,end_time,duration,x,y,avg_pupil_size,pupil_size_norm,weight_meme,weight_ort,weight_person,weight_politik,weight_text
16.65,132.394,115.744,414.1154646873474,377.21705436706543,3.3674092292785645,-1.459453726396872,0.0,0.5,0.0,0.0,1.0
931.127,1064.97,133.84300000000007,474.4677901268005,267.43589520454407,3.410957336425781,-1.1595699986037369,,,,,
1114.89,1230.647,115.75699999999983,417.5119744406806,327.52461433410645,3.488615036010742,-0.6247986395490214,,,,,
1330.487,1447.69,117.20299999999996,428.3469359079997,350.6701880031162,3.57755184173584,-0.0123563869226479,,,,,
1464.33,1580.084,115.75400000000012,469.3370448218452,353.00311777326795,3.605777740478516,0.1820145809508926,,,,,
1664.012,1929.533,265.521,470.1451599597931,362.7685775359472,3.536692002240349,-0.2937279961068149,,,,,
3465.203,3664.891,199.6880000000001,455.90541618210926,520.795749766486,3.686288100022536,0.7364301073113667,,,,,
3964.437,4081.636,117.19900000000008,486.69691615634497,579.8843251334297,3.759723663330078,1.2421267246822985,,,,,
4098.276,4231.399,133.1230000000005,489.85315799713135,594.4554352760315,3.781100802951389,1.3893353346345385,,,,,
