start_time,end_time,duration,x,y,avg_pupil_size,pupil_size_norm,weight_meme,weight_ort,weight_person,weight_politik,weight_text
1213.861,1347.841,133.9799999999998,425.7749795913696,336.257483959198,3.59714592827691,-1.1492014517255529,0.0,1.0,0.0,0.0,1.0
1463.474,1580.552,117.07799999999996,379.3752034505208,329.427084657881,3.65297794342041,0.6720790183895338,,,,,
3010.999,3144.961,133.962,432.711341381073,369.9986732006073,3.647001478407118,0.4771224333359757,,,,,
