start_time,end_time,duration,x,y,avg_pupil_size,pupil_size_norm,weight_meme,weight_ort,weight_person,weight_politik,weight_text
682.981,832.741,149.76,406.4723870970986,734.6341740001332,3.57214584350586,-0.897542121041391,0.0,0.0,1.0,0.0,0.0
848.641,1015.782,167.14100000000008,342.2285666068395,773.9016979932785,3.675911643288352,-0.4060762018247502,,,,,
1048.326,1232.102,183.77600000000007,321.3791448336381,774.2544128344609,3.7871150970458975,0.1206166751691845,,,,,
1414.829,1531.622,116.79300000000012,372.0287058088514,768.7142160203722,3.906500816345215,0.6860632134290648,,,,,
1547.531,1864.331,316.79999999999995,422.3245808056423,775.3113462811425,3.947303771972656,0.8793182371096094,,,,,
1914.297,2180.584,266.2869999999998,487.124338414934,772.8896644380358,4.008378421559053,1.168586077406996,,,,,
3744.026,3877.666,133.64000000000033,263.5249137878418,579.402666091919,3.434185028076172,-1.5509658802486923,,,,,
