start_time,end_time,duration,x,y,avg_pupil_size,pupil_size_norm,weight_meme,weight_ort,weight_person,weight_politik,weight_text
0.0,116.876,116.876,378.0132081773546,344.13721561431885,4.305235862731934,1.615628773211311,1.0,0.0,0.0,0.0,1.0
349.446,533.35,183.904,387.2211786416861,222.4397673056676,4.065649032592773,0.7277280181092944,,,,,
798.726,915.56,116.83399999999996,357.2275665071276,257.835931248135,3.6497879028320312,-0.8134393779352693,,,,,
1065.361,1265.129,199.7679999999998,399.4330244404929,265.83123803138733,3.682785034179688,-0.6911531161120839,,,,,
4559.794,4709.596,149.80199999999968,339.862585067749,424.1024125706066,3.64021224975586,-0.8489264270021543,,,,,
8236.822,8370.793,133.97099999999955,324.8475205898285,437.53517627716064,3.872024536132813,0.0101621297289086,,,,,
