start_time,end_time,duration,x,y,avg_pupil_size,pupil_size_norm,weight_meme,weight_ort,weight_person,weight_politik,weight_text
2146.564,2262.18,115.616,436.4073051346673,545.1813724305895,4.427538871765137,-0.9504740586091692,0.0,0.0,1.0,0.0,0.0
2279.244,2528.88,249.636,426.2456136591295,531.9858677246991,4.449774742126465,-0.7390948877880316,,,,,
2611.634,2728.456,116.82200000000012,401.7954972055224,251.8382045957777,4.493605613708496,-0.3224287919337043,,,,,
3759.759,3959.446,199.6869999999999,331.5565517970494,765.1724679129464,4.68168698824369,1.465514938179608,,,,,
4176.11,4308.881,132.77100000000064,419.97331142425537,573.1321620941162,4.585010104709202,0.5464828001512971,,,,,
