start_time,end_time,duration,x,y,avg_pupil_size,pupil_size_norm,weight_meme,weight_ort,weight_person,weight_politik,weight_text
2112.4,2246.407,134.00700000000006,391.83366656303406,298.0588114261627,4.153166876898871,0.1416445049680099,0.0,0.0,1.0,0.5,1.0
2262.155,2778.235,516.0799999999999,407.1057778416258,268.57741746035487,3.960688352584839,-0.6753296458266034,,,,,
2811.276,3077.645,266.36900000000014,400.612958934572,198.0071564515432,4.000569063074448,-0.506056166089315,,,,,
3110.796,3294.728,183.93200000000024,388.8860821723938,288.1697324606088,3.938308715820313,-0.7703199041213978,,,,,
3310.476,3793.929,483.453,402.5135540193127,293.3600010410432,4.016905212402344,-0.4367174605273532,,,,,
5007.78,5141.61,133.82999999999993,391.0539770126342,800.0,3.9303599039713535,-0.8040585969614036,,,,,
5540.935,5690.779,149.84400000000005,574.3246967142278,84.39159813252363,4.550516510009766,1.8281930705092395,,,,,
5706.66,5840.526,133.866,571.4773106575012,72.92863637208939,4.407849629720052,1.2226441980488294,,,,,
