start_time,end_time,duration,x,y,avg_pupil_size,pupil_size_norm,weight_meme,weight_ort,weight_person,weight_politik,weight_text
831.702,948.78,117.07799999999996,478.5982820722792,664.567134115431,4.403048515319824,-0.962470472692247,0.0,0.0,1.0,0.0,0.0
981.467,1098.582,117.11500000000012,493.9551989237468,671.7630730734932,4.505354881286621,-0.6689870866476563,,,,,
2978.122,3112.258,134.13599999999997,394.1757023334503,392.2524380683899,4.888973659939236,0.4314892820056781,,,,,
4909.38,5024.439,115.0590000000002,412.2249192661709,424.7401687833998,5.1568603515625,1.199968277334225,,,,,
