start_time,end_time,duration,x,y,avg_pupil_size,pupil_size_norm,weight_meme,weight_ort,weight_person,weight_politik,weight_text
449.282,566.361,117.079,419.7555065155029,144.9367880821228,4.207064628601074,1.2246187311857275,1.0,0.0,0.0,0.0,0.0
666.201,898.564,232.363,439.98720794916153,123.88721890747549,4.082978312174479,0.5613832898994194,,,,,
982.362,1215.323,232.96100000000013,444.50623691082,108.73009692877532,4.024725850423177,0.2500266609959145,,,,,
1248.006,1365.084,117.07799999999996,442.397141456604,105.080912510554,4.016420364379883,0.2056342343395851,,,,,
3955.88,4122.881,167.0010000000002,471.0974673430125,602.1811068058014,3.867938648570668,-0.5879934527706948,,,,,
4205.483,4339.203,133.72000000000023,472.7862298488617,606.6015839576721,3.668558756510417,-1.6536694636499665,,,,,
