start_time,end_time,duration,x,y,avg_pupil_size,pupil_size_norm,weight_meme,weight_ort,weight_person,weight_politik,weight_text
232.918,532.424,299.506,398.8297080993652,293.5906398296356,4.359652469032689,1.540263300217256,0.0,0.0,1.0,0.0,0.5
549.166,832.027,282.861,412.3191889963652,272.7455076418425,3.71917724609375,-0.4688468981037767,,,,,
898.573,1148.246,249.6730000000001,376.5688762945288,517.5124392789953,3.663384914398194,-0.6438621658034287,,,,,
1164.758,1281.238,116.48000000000002,399.6209462483724,517.0992559856838,3.7064342498779297,-0.508820472002375,,,,,
1314.518,1747.232,432.714,379.21092297349657,597.0657271998269,3.6382579097041376,-0.7226832030208211,,,,,
1763.794,2396.228,632.434,407.168197631836,551.5730392932892,3.654757573054387,-0.6709253196264617,,,,,
2446.24,2745.73,299.49000000000024,576.3469409942627,571.7248833179474,3.5670378835577714,-0.9460936890639272,,,,,
2762.186,3078.368,316.1819999999998,558.9763175873529,534.1520479747227,3.503310775756836,-1.1459995989363685,,,,,
3145.052,5175.001,2029.949,265.9826844930649,473.3064059288271,3.666840530023342,-0.633022226418879,,,,,
5607.613,6722.493,1114.88,245.9299395049828,496.4824614317521,3.9196585486916935,0.1600439866582308,,,,,
6772.363,7354.804,582.4409999999998,382.2115211873441,291.50785819904223,3.896660274929471,0.0879005770389857,,,,,
7388.144,10216.924,2828.7800000000007,371.96455771146816,246.15831569183703,4.060878552888569,0.6030377832596836,,,,,
10233.61,12563.2,2329.59,368.6353110931289,261.80678564058223,4.489123080639129,1.94640036351808,,,,,
12579.924,15025.973,2446.048999999999,345.52898495583923,272.37616165264234,4.315769814156197,1.4026075622837886,,,,,
