start_time,end_time,duration,x,y,avg_pupil_size,pupil_size_norm,weight_meme,weight_ort,weight_person,weight_politik,weight_text
82.603,199.681,117.07800000000002,348.41808742947046,307.7997671233283,4.096776962280273,0.5558255086422109,0.0,1.0,0.0,0.0,0.0
282.285,449.283,166.998,479.8627297083537,267.2695368528366,4.153402848677202,1.0355555753282928,,,,,
465.923,748.804,282.881,467.3418408945987,294.0712357822217,4.187711079915364,1.3262122185531793,,,,,
781.486,898.565,117.07900000000006,476.0173214806451,536.4318344328138,4.278164863586426,2.0925295768079075,,,,,
2828.21,3045.129,216.91899999999987,288.8028732935588,594.200963973999,4.05296380179269,0.1846438505732545,,,,,
3327.411,3477.171,149.75999999999976,465.5168858441439,388.6336294087496,4.026924514770508,-0.0359589460354517,,,,,
3527.092,3910.41,383.31799999999976,471.9022283554077,291.1455159187317,3.936147371927897,-0.805015777820779,,,,,
3926.452,4043.531,117.07899999999972,467.6700565550062,291.9398095872667,3.914113998413086,-0.99168078949913,,,,,
4874.934,4992.012,117.07799999999952,560.7807238896688,544.4875823126899,3.9899215698242174,-0.3494449923682762,,,,,
5008.652,5191.693,183.04100000000017,558.6303931016189,548.2972456858708,3.949895222981771,-0.6885450623491532,,,,,
6572.207,6739.204,166.9969999999994,334.29860174655914,194.78501230478287,3.899624911221591,-1.1144311993712728,,,,,
6771.886,6988.802,216.9159999999993,519.162138303121,307.9925870895386,3.901729038783482,-1.096605195756839,,,,,
7005.442,7388.159,382.7169999999997,474.9494037628174,298.5605216026306,3.951388359069824,-0.6758953305626672,,,,,
7720.358,7887.355,166.9969999999994,391.1261667807897,543.9021110534668,4.09760145707564,0.5628105638586675,,,,,
