start_time,end_time,duration,x,y,avg_pupil_size,pupil_size_norm,weight_meme,weight_ort,weight_person,weight_politik,weight_text
1879.482,2029.242,149.76,415.913724899292,258.86131633411753,5.2456005096435545,-0.5640607715240105,0.0,0.0,1.0,0.0,0.0
2079.162,2196.488,117.32600000000002,414.1768270068698,259.07773507965936,5.241105079650879,-0.5905385711238087,,,,,
5457.931,5623.185,165.2540000000008,619.3453093369802,11.683487321715802,5.537396517666903,1.1545993426478245,,,,,
