start_time,end_time,duration,x,y,avg_pupil_size,pupil_size_norm,weight_meme,weight_ort,weight_person,weight_politik,weight_text
0.0,216.919,216.919,399.7235441207886,213.1874362627665,4.238229479108538,0.8206465545555249,0.0,0.0,1.0,1.0,1.0
333.344,483.161,149.817,368.93818595192647,156.47241039709613,4.26611557006836,1.076326256439753,,,,,
1581.406,1714.527,133.1210000000001,511.2466478347778,618.1114864349365,4.159050835503472,0.0946799061031103,,,,,
5874.536,6024.296,149.76000000000022,365.7594301483848,434.84449711712927,3.943979644775391,-1.8772471742636208,,,,,
7038.739,7155.817,117.07800000000044,375.8061634169685,130.30477894677057,4.110403060913086,-0.3513578165207686,,,,,
7205.737,7338.259,132.5219999999999,366.58363223075867,140.25554835796356,4.108019510904948,-0.3732119141920724,,,,,
7422.057,7671.657,249.6000000000004,543.5491994023323,282.2155512869358,4.215272903442383,0.6101641878780942,,,,,
