start_time,end_time,duration,x,y,avg_pupil_size,pupil_size_norm,weight_meme,weight_ort,weight_person,weight_politik,weight_text
116.691,416.21,299.519,365.7371443510056,444.7988367080689,2.8373714246247945,-1.6443899122904018,0.0,1.0,0.0,0.0,0.0
449.141,648.706,199.565,454.5665042740958,367.5382954733713,2.910192636343149,-0.7816356291080603,,,,,
665.81,898.379,232.56900000000007,446.7477649450302,351.66191905736923,2.8799046834309894,-1.140474221424488,,,,,
948.295,1165.009,216.71400000000008,352.75312026341754,507.5579563776652,2.8583968026297435,-1.3952903092866058,,,,,
1197.871,1397.532,199.66099999999983,296.7865909848894,607.040320123945,2.94450437105619,-0.3751250068791412,,,,,
1447.544,1630.427,182.8829999999998,509.7915759453407,586.7042669883141,2.9743855794270835,-0.0211053483164635,,,,,
1664.208,1879.967,215.759,551.8993330001831,667.7444473902384,2.906741550990513,-0.8225225987060112,,,,,
1913.808,2213.328,299.52,547.6281654834747,602.2615623474121,2.945016961348684,-0.3690520583531353,,,,,
2363.088,2562.768,199.67999999999984,427.3874419076102,353.2785245350429,2.945064251239484,-0.3684917881396144,,,,,
2595.694,2845.271,249.57700000000025,334.82090655495136,428.9731025695801,2.99415922164917,0.2131642294433958,,,,,
2878.418,3094.751,216.33300000000008,256.0562896728516,385.0805640220642,2.91439928327288,-0.7317970920826489,,,,,
3111.888,3244.594,132.70600000000013,228.94819378852844,312.1047437191009,2.9688585069444446,-0.0865877173313972,,,,,
3261.649,3394.244,132.59500000000023,231.9221830368042,305.7596087455749,3.005857679578993,0.3517625093596753,,,,,
3461.329,3710.929,249.5999999999999,470.3364428351907,356.0371462036581,3.034667015075684,0.6930830807824409,,,,,
3726.971,4309.969,582.998,451.7670257671459,335.6341075252842,3.0109952290852866,0.4126299782883618,,,,,
4342.831,4575.717,232.8859999999995,400.3382742404938,392.3207186162472,2.961558532714844,-0.1730746609717664,,,,,
4592.408,5723.775,1131.3669999999993,449.74829537527904,338.47091232027327,3.0951262764308765,1.409378312094637,,,,,
5740.558,6322.884,582.326,442.2848334183564,347.77118032043046,3.142083273993598,1.9657045502422177,,,,,
6372.754,6689.048,316.29399999999987,287.7608321961902,401.7458194778079,3.0932769775390625,1.387468617073801,,,,,
6738.963,7038.552,299.58899999999994,477.5225927955226,366.311124124025,3.100779483192845,1.4763550656052464,,,,,
