start_time,end_time,duration,x,y,avg_pupil_size,pupil_size_norm,weight_meme,weight_ort,weight_person,weight_politik,weight_text
99.84,215.979,116.139,404.9380540847778,275.72706010606555,2.702814102172852,1.269791535053394,0.0,1.0,0.0,0.0,0.0
233.348,399.361,166.01299999999998,416.584853331248,296.7041790485382,2.56854248046875,0.5133560481195742,,,,,
433.105,665.29,232.185,444.4190979003906,415.6962603330612,2.301544189453125,-0.9908112488241,,,,,
715.159,864.962,149.803,448.2021548531272,590.7580614089966,2.3058074951171874,-0.9667933986260172,,,,,
882.522,1032.283,149.76099999999985,450.58059258894485,606.5232818776911,2.315111541748047,-0.9143779220394698,,,,,
1114.503,1331.805,217.3020000000001,391.5000131395128,638.266568713718,2.4452105930873325,-0.181449116976453,,,,,
1414.108,1747.209,333.1010000000001,402.3025621067394,416.0465939478441,2.2460777646019343,-1.3032880891146714,,,,,
1781.004,2479.825,698.8209999999999,413.5964827104048,352.66082937067205,2.4621638808139537,-0.0859407117463692,,,,,
2512.305,2679.583,167.27800000000025,459.1230670611064,384.44775144259137,2.5448774857954546,0.38003642672981,,,,,
2711.976,3061.451,349.4749999999999,476.7625642859417,455.1506809566332,2.5612973299893467,0.4725396130364129,,,,,
3128.885,15025.993,11897.108,339.18885298947384,408.5084283152106,2.798160467733884,1.806936864387912,,,,,
