start_time,end_time,duration,x,y,avg_pupil_size,pupil_size_norm,weight_meme,weight_ort,weight_person,weight_politik,weight_text
0.0,249.578,249.578,419.8780901291791,292.88793030907124,3.2512965202331543,-0.6003592485451252,0.0,0.0,1.0,0.0,0.0
266.043,382.629,116.586,382.2513779004415,293.47672992282446,3.2521533966064453,-0.5944063964838716,,,,,
399.324,798.648,399.324,386.29743548539966,269.46412003957306,3.1773947143554686,-1.1137664694254452,,,,,
865.062,1863.471,998.409,373.4118357781441,551.4585783404689,3.337484516081263,-0.0015979747697714,,,,,
1880.263,3810.361,1930.098,373.7926594281601,556.8262532605963,3.51030763805422,1.1990308556386575,,,,,
3860.277,4010.042,149.76499999999987,424.0809267217463,325.96397074786097,3.589097595214844,1.7463968158976793,,,,,
4043.451,5224.904,1181.4530000000004,385.9327941724698,275.95966205205,3.231227450900608,-0.7397821623603935,,,,,
5241.521,5441.281,199.76000000000025,391.7765378952026,282.5000331952021,3.352754446176382,0.1044845800482702,,,,,
