cluster,fixation_duration_mean_ms,fixation_duration_median_ms,fix_dur_mean_first_third_ms,fix_dur_mean_last_third_ms,scanpath_length_mean_px,bcea68_mean_px2,bcea95_mean_px2,pupil_mm_mean,fixations_mean_per_participant,fixations_first_third_per_participant,fixations_last_third_per_participant,view_time_mean_ms
0,299.73225806451615,241.49032258064517,285.68870967741935,344.5,2663.851612903226,67220.20967741935,176895.3064516129,3.7664354838709677,24.375905200789994,8.628373930217247,7.878209348255432,8858.212639894668
1,222.31052631578947,197.05,212.87105263157895,239.90000000000003,4103.0605263157895,109800.8947368421,288949.94736842107,3.5656842105263156,38.721804511278194,13.554779806659505,12.394199785177229,11156.227712137486
2,262.9365384615385,220.98076923076923,246.1173076923077,292.1173076923077,3157.498076923077,92121.36538461539,242424.75,3.6841346153846155,26.946624803767662,9.759419152276296,8.573783359497645,8994.78453689168
