{
  "inertias": [
    983.834325619551,
    818.7237628303599,
    695.3966422500714,
    603.8001676926531,
    551.5927679212086,
    500.0876340865786,
    470.44550296249594,
    444.2349688161324,
    422.49103625959594,
    396.524645680107
  ],
  "silhouettes": [
    0.4369098727263994,
    0.23053488561799937,
    0.2217566009831535,
    0.2391527335145833,
    0.23847108881035367,
    0.20964078179852433,
    0.200622369612066,
    0.21519444976080057,
    0.18836505349073948,
    0.18489594932323122
  ],
  "elbow_k": 3,
  "silhouette_k": 2,
  "elbow_score": 0.23053488561799937,
  "max_silhouette": 0.4369098727263994
}