{
  "inertias": [
    815.95581329516,
    616.9639793597548,
    521.6297388951981,
    448.63887268948326,
    407.12552613690355,
    368.39289178996876,
    345.55203401656695,
    322.1252772077728,
    301.42295574317706,
    286.08576991374366
  ],
  "silhouettes": [
    0.47802286935034716,
    0.3811333552569481,
    0.24166783721124144,
    0.24392072269118203,
    0.24793217157198186,
    0.21470415743550594,
    0.20937827604215134,
    0.21937039411066148,
    0.20671841293972376,
    0.21571013027111832
  ],
  "elbow_k": 3,
  "silhouette_k": 2,
  "elbow_score": 0.3811333552569481,
  "max_silhouette": 0.47802286935034716
}