{
  "inertias": [
    1426.4654235030441,
    1201.7796881442348,
    1033.9212981948797,
    934.2224388632446,
    872.6957490339882,
    806.6950514035055,
    761.5354301418681,
    729.2957900902605,
    697.435874342967,
    654.2758343944005
  ],
  "silhouettes": [
    0.43128206018065957,
    0.3129876490596508,
    0.19023411030335194,
    0.19151630902984848,
    0.17588892730437505,
    0.15579121033234,
    0.15908397231542892,
    0.15962268762250495,
    0.157367911386889,
    0.16754798500914578
  ],
  "elbow_k": 4,
  "silhouette_k": 2,
  "elbow_score": 0.19023411030335194,
  "max_silhouette": 0.43128206018065957
}